SOURCE,TARGET,POSITION,CATEGORY
BILITON PRIMA MINERAL,KIRTIADI HOTAMA,DIREKTUR,INDIVIDU
BILITON PRIMA MINERAL,HAWANTO HARTONO,KOMISARIS,INDIVIDU
NAGA LASKAR PELANGI,WYLLIANTO,DIREKTUR UTAMA,INDIVIDU
NAGA LASKAR PELANGI,TJEN JUNG SEN,KOMISARIS UTAMA,INDIVIDU
NAGA LASKAR PELANGI,IRWANDA,DIREKTUR,INDIVIDU
NAGA LASKAR PELANGI,ERVAN IFYAN HANSEL,DIREKTUR,INDIVIDU
NAGA LASKAR PELANGI,URIP BUDIANTO,KOMISARIS,INDIVIDU
KARUNIA ALAM BERSAMA,CHRISTOPHER PUTRA GUNAWAN,DIREKTUR,INDIVIDU
KARUNIA ALAM BERSAMA,HARIANTO GUNAWAN,KOMISARIS,INDIVIDU
BELANTARA JAYA LESTARI,DONY KURNIAWAN,,INDIVIDU
BELANTARA JAYA LESTARI,HERMANTO,KOMISARIS,INDIVIDU
BELANTARA JAYA LESTARI,RIDHO FALOMA,DIREKTUR,INDIVIDU
BELANTARA JAYA LESTARI,PT. CANDRA LESTARI SEJAHTERA,BADAN HUKUM,PERUSAHAAN
BELANTARA JAYA LESTARI,PT. TRACO INDOTAMA MANDIRI,BADAN HUKUM,PERUSAHAAN
BELANTARA JAYA LESTARI,PT. BERDIKARI SEJAHTERA SENTOSA,BADAN HUKUM,PERUSAHAAN
BERKAH SAMUDERA SEMESTA,CHRISTOPHER PUTRA GUNAWAN,DIREKTUR,INDIVIDU
BERKAH SAMUDERA SEMESTA,HARIANTO GUNAWAN,KOMISARIS,INDIVIDU
TELAGA INTAN PUTIH,SIGARLAKY ROTINSULU,DIREKTUR,INDIVIDU
TELAGA INTAN PUTIH,MAUREEN LANIE ESTER ROTINSULU,KOMISARIS,INDIVIDU
TELAGA INTAN PUTIH,SAMUEL PHILLIPS ROTINSULU,DIREKTUR UTAMA,INDIVIDU
REZEKI SAMUDERA JAYA,CHRISTOPHER PUTRA GUNAWAN,DIREKTUR,INDIVIDU
REZEKI SAMUDERA JAYA,HARIANTO GUNAWAN,KOMISARIS,INDIVIDU
SWAKARSA TAMBANG INDONESIA,HENDRO,KOMISARIS,INDIVIDU
SWAKARSA TAMBANG INDONESIA,HERMAN BUDIYANTO,DIREKTUR,INDIVIDU
BATARA PANCAR JAYA MINERAL,LUXOR ANDI WIJAYA,DIREKTUR,INDIVIDU
BATARA PANCAR JAYA MINERAL,BRAHM PRANATA,KOMISARIS,INDIVIDU
BATARA PANCAR JAYA MINERAL,LILI HENDRAWATI,KOMISARIS UTAMA,INDIVIDU
DUTA WATU GEOTEK,ZAINUDDIN,DIREKTUR,INDIVIDU
DUTA WATU GEOTEK,AMBARSARI DWICAHYANI,KOMISARIS,INDIVIDU
TIGA BANGUN BERSAMA,EDY SUN,KOMISARIS,INDIVIDU
TIGA BANGUN BERSAMA,BASIRAN,DIREKTUR,INDIVIDU
BASKARA SILICA MAKMUR,DJOHAN RIDUAN HASAN,KOMISARIS,INDIVIDU
BASKARA SILICA MAKMUR,JAMES LOUIS,DIREKTUR,INDIVIDU
INDAHSANA LESTARI JAYA,HENG ERIK HARVY HENDRIEK,KOMISARIS UTAMA,INDIVIDU
INDAHSANA LESTARI JAYA,ERMA SUSYLAWATI JOYOATMOJO,DIREKTUR UTAMA,INDIVIDU
INDAHSANA LESTARI JAYA,NARIMO NUSANTORO,KOMISARIS,INDIVIDU
INDAHSANA LESTARI JAYA,ANGGUN RIS SUSANTI,DIREKTUR,INDIVIDU
PASIR BELITUNG UTAMA,TRISNA THESKARTONO,KOMISARIS,INDIVIDU
PASIR BELITUNG UTAMA,LIENAWATI THES KARTONO,,INDIVIDU
PASIR BELITUNG UTAMA,DJEMI HAKIM,DIREKTUR,INDIVIDU
TOMMY UTAMA,TJHANG YEAN TIN,,INDIVIDU
TOMMY UTAMA,DE BIN LUO,DIREKTUR,INDIVIDU
TOMMY UTAMA,TEDDY CHANDRA,KOMISARIS,INDIVIDU
TOMMY UTAMA,PT. TOMMY MITRA INVESTAMA,BADAN HUKUM,PERUSAHAAN
ARCHIE EXPERANZA MANUNGGAL,NARIMO NUSANTORO,KOMISARIS,INDIVIDU
ARCHIE EXPERANZA MANUNGGAL,HENG ERIK HARVY HENDRIEK,DIREKTUR,INDIVIDU
ARCHIE EXPERANZA MANUNGGAL,YAYUK SRI RAHAYU,DIREKTUR UTAMA,INDIVIDU
WAHYU EPAN YUDHISTIRA,WAHYU EPAN YUDHISTIRA,DIREKTUR,INDIVIDU
ERA ANUGRAH JAYA,ARSYA PRAWIRA BAHARI,DIREKTUR,INDIVIDU
ERA ANUGRAH JAYA,DIMAS PRATAMA WIDYATMOJO,KOMISARIS UTAMA,INDIVIDU
ERA ANUGRAH JAYA,IRWIN SAHRONI,KOMISARIS,INDIVIDU
BELITONG ANUGRAH PERTIWI,DHARMA BUDI SADELI,DIREKTUR UTAMA,INDIVIDU
BELITONG ANUGRAH PERTIWI,ABRAHAM O WATTIMENA (ABRAHAM OKTOVIANUS WATTIMENA),KOMISARIS,INDIVIDU
BELITONG ANUGRAH PERTIWI,RACHMADD POHAN,KOMISARIS UTAMA,INDIVIDU
BELITONG ANUGRAH PERTIWI,DODY DAMOS MANGALOI TINAMBUNAN,DIREKTUR,INDIVIDU
SEJAHTERA UTAMA MITRA JAYA,LAU RENCE,KOMISARIS,INDIVIDU
SEJAHTERA UTAMA MITRA JAYA,BENNY SUTANTO,DIREKTUR,INDIVIDU
BABEL RESOURCES,SUTTA DARMA KARNADJAJA,KOMISARIS UTAMA,INDIVIDU
BABEL RESOURCES,RUDY WIJAYA LIONG,KOMISARIS,INDIVIDU
BABEL RESOURCES,APE NIAGATA TJANDRA,,INDIVIDU
BABEL RESOURCES,ANDRIANUS DAVID SIM,DIREKTUR,INDIVIDU
BABEL RESOURCES,TONI SISWOYUDHO,DIREKTUR UTAMA,INDIVIDU
BABEL RESOURCES,PT ANT INTERNASIONAL,BADAN HUKUM,PERUSAHAAN
GARUDA ARTHA RESOURCES,HERRY SANTOSO,DIREKTUR,INDIVIDU
GARUDA ARTHA RESOURCES,SANTOSO SOETANTO,DIREKTUR UTAMA,INDIVIDU
GARUDA ARTHA RESOURCES,RATNA SHANTI SOETANTO,KOMISARIS,INDIVIDU
GARUDA ARTHA RESOURCES,SRI REDJEKI SOETANTO,,INDIVIDU
TRINUSA SILIKA INDONESIA,DUDY CHRISTIAN,KOMISARIS,INDIVIDU
TRINUSA SILIKA INDONESIA,ACHMAD FEBBY FADILLAH,KOMISARIS UTAMA,INDIVIDU
TRINUSA SILIKA INDONESIA,SURIYANTO,DIREKTUR UTAMA,INDIVIDU
TRINUSA SILIKA INDONESIA,ANDI DEBBI YUDHISTA ASAPA,KOMISARIS,INDIVIDU
TRINUSA SILIKA INDONESIA,PT TRINUSA BARA UTAMA,BADAN HUKUM,PERUSAHAAN
TRINUSA SILIKA INDONESIA,PT ENERGITAMA SOLUSINDO LESTARI,BADAN HUKUM,PERUSAHAAN
TRINUSA SILIKA INDONESIA,AFIN,DIREKTUR,INDIVIDU
TRINUSA SILIKA INDONESIA,MOHAMMAD GENTHA PUTRA,DIREKTUR,INDIVIDU
BUMI HERO PERKASA,KARDI DJAJA,KOMISARIS,INDIVIDU
BUMI HERO PERKASA,SLAMET CIPTO WIJOYO,DIREKTUR,INDIVIDU
BANGKA TIN INDUSTRY,OCEAN ESSENCE HOLDINGS LIMITED,BADAN HUKUM,INDIVIDU
BANGKA TIN INDUSTRY,TOGAR SIANIPAR,KOMISARIS,INDIVIDU
BANGKA TIN INDUSTRY,RICKY GUNAWAN,PRESIDEN DIREKTUR,INDIVIDU
BANGKA TIN INDUSTRY,YONGHONG DUAN,DIREKTUR,INDIVIDU
BANGKA TIN INDUSTRY,"SHERLY WANTO, SE",DIREKTUR,INDIVIDU
BANGKA TIN INDUSTRY,PT. NOBLE CAPITAL,BADAN HUKUM,PERUSAHAAN
BANGKA TIN INDUSTRY,TOTO HERMAWAN LIEM,KOMISARIS UTAMA,INDIVIDU
BANGKA TIN INDUSTRY,ANTONIUS RICHARDUS ANGGORO SETYO,DIREKTUR,INDIVIDU
SHUBHA ALAM PERKASA RESOURCES,WASIS SRIYADI. ST. MT.,KOMISARIS,INDIVIDU
SHUBHA ALAM PERKASA RESOURCES,"AGUNG PRIBADI, ST.",KOMISARIS UTAMA,INDIVIDU
SHUBHA ALAM PERKASA RESOURCES,"M LUTHFI FATHUR RAHMAN, ST.",DIREKTUR UTAMA,INDIVIDU
SHUBHA ALAM PERKASA RESOURCES,"MUHAMMAD AMIN FADHLI, ST.",DIREKTUR,INDIVIDU
BANGKA SILICA ABADI,JAMES LOUIS,DIREKTUR,INDIVIDU
BANGKA SILICA ABADI,DJOHAN RIDUAN HASAN,KOMISARIS,INDIVIDU
SINAR SILICA ABADI,DJOHAN RIDUAN HASAN,KOMISARIS,INDIVIDU
SINAR SILICA ABADI,UJANG SUKARNAEN,DIREKTUR,INDIVIDU
DHIKA YOGATAMA,"LIANAYANTI ATMAJA, LIEM",SEKUTU PASIF,INDIVIDU
DHIKA YOGATAMA,TEDDY HARTONO SETIAWAN,"SEKUTU AKTIF,PENGURUS",INDIVIDU
SEJAHTERA LOGINDO ALAM,"SUDRAJAT, AMD",DIREKTUR,INDIVIDU
SEJAHTERA LOGINDO ALAM,PT. KIMORA INTERNASIONAL,BADAN HUKUM,PERUSAHAAN
SEJAHTERA LOGINDO ALAM,SUNARTO SARDADI,KOMISARIS,INDIVIDU
SEJAHTERA LOGINDO ALAM,PT. SINAR LOGINDO ALAM,BADAN HUKUM,PERUSAHAAN
TIN INDUSTRI NASIONAL,RONY FERYAWAN,DIREKTUR,INDIVIDU
TIN INDUSTRI NASIONAL,PAULUS,KOMISARIS,INDIVIDU
TIN INDUSTRI NASIONAL,PT. TININDO INTER NUSA,BADAN HUKUM,PERUSAHAAN
TIN INDUSTRI NASIONAL,PT. KIMORA INTERNASIONAL,BADAN HUKUM,PERUSAHAAN
HARAPAN MUDA,WINARNO,PENGURUS,INDIVIDU
HARAPAN MUDA,YONG KIE,SEKUTU PASIF,INDIVIDU
HARAPAN MUDA,WINARNO,SEKUTU AKTIF,INDIVIDU
HARAPAN MUDA,ROBI,SEKUTU PASIF,INDIVIDU
BANGKA MINERATAMA MANDIRI,GERAL NOFANDY,"SEKUTU AKTIF,PENGURUS",INDIVIDU
BANGKA MINERATAMA MANDIRI,DJOHAN RIDUAN HASAN,SEKUTU PASIF,INDIVIDU
CAHAYA SILICA ABADI,UJANG SUKARNAEN,DIREKTUR,INDIVIDU
CAHAYA SILICA ABADI,DJOHAN RIDUAN HASAN,KOMISARIS,INDIVIDU
KURNIA MANDIRI ADIPERKASA,NICKOLAS TJAN SAKTI EFENDIE,KOMISARIS,INDIVIDU
KURNIA MANDIRI ADIPERKASA,KURNYATJAN SAKTI EFENDIE,DIREKTUR,INDIVIDU
JABEL TRI BERSAUDARA,RIANTO HAKIM,DIREKTUR UTAMA,INDIVIDU
JABEL TRI BERSAUDARA,PT. PRIMA BUNDIARTA NUSA,BADAN HUKUM,PERUSAHAAN
JABEL TRI BERSAUDARA,NICHOLAS HAKIM,DIREKTUR,INDIVIDU
JABEL TRI BERSAUDARA,DJEMI HAKIM,KOMISARIS,INDIVIDU
SUMBER ALAM TIMAH JAYA,TN. HERO TIO,,INDIVIDU
SUMBER ALAM TIMAH JAYA,NN. MERRY,,INDIVIDU
SUMBER ALAM TIMAH JAYA,TN. JUNAIDIN,DIREKTUR,INDIVIDU
SUMBER ALAM TIMAH JAYA,TN. LUNA SUMATRA,KOMISARIS,INDIVIDU
KENCANA KAOLIN INDUSTRI,TJOA LIE TJING,KOMISARIS UTAMA,INDIVIDU
KENCANA KAOLIN INDUSTRI,JIMMY SANJAYA,DIREKTUR,INDIVIDU
KENCANA KAOLIN INDUSTRI,TJOA JIN KIE,DIREKTUR UTAMA,INDIVIDU
KENCANA KAOLIN INDUSTRI,TJOA JIN KHIAT,KOMISARIS,INDIVIDU
MANDIRI SEJAHTERA ABADI,SUMIATI,SEKUTU PASIF,INDIVIDU
MANDIRI SEJAHTERA ABADI,NICHOLAS HAKIM,SEKUTU PASIF,INDIVIDU
MANDIRI SEJAHTERA ABADI,DJEMI HAKIM,"SEKUTU AKTIF,PENGURUS",INDIVIDU
STANINDO INTI PERKASA,SUWITO GUNAWAN,KOMISARIS,INDIVIDU
STANINDO INTI PERKASA,MB. GUNAWAN,DIREKTUR,INDIVIDU
DUA SATU UTAMA,PT AUTUM PRIMA INDONESIA,BADAN HUKUM,PERUSAHAAN
DUA SATU UTAMA,TRIANDI,KOMISARIS,INDIVIDU
DUA SATU UTAMA,REYMOND HENDRA PLANGITEN,DIREKTUR,INDIVIDU
ROYAL SILICA NUSANTARA,YULI MARIA LYANAWATI,KOMISARIS,INDIVIDU
ROYAL SILICA NUSANTARA,PT ROYAL PERMATA INDONESIA,BADAN HUKUM,PERUSAHAAN
ROYAL SILICA NUSANTARA,"EDI NASAPTA, S.M",DIREKTUR,INDIVIDU
KARYA CIPTA LAHANINDO,OPPY SANARJO,DIREKTUR,INDIVIDU
KARYA CIPTA LAHANINDO,TITI,KOMISARIS,INDIVIDU
KARYA CIPTA LAHANINDO,PT PELAYARAN KURNIA LAUTAN SEMESTA,BADAN HUKUM,PERUSAHAAN
KARYA CIPTA LAHANINDO,KURNYATJAN SAKTI EFFENDIE,DIREKTUR UTAMA,INDIVIDU
GARUDA PANCA ARTHA,VINCENT JUNIUS,KOMISARIS UTAMA,INDIVIDU
GARUDA PANCA ARTHA,PT PANCA MITRA ARTHA,BADAN HUKUM,PERUSAHAAN
GARUDA PANCA ARTHA,FELIX SAPTAVIANUS,DIREKTUR,INDIVIDU
GARUDA PANCA ARTHA,"BUDI SANTOSO, ST",KOMISARIS,INDIVIDU
GARUDA PANCA ARTHA,PT SINAR MITRA ARTHA,BADAN HUKUM,PERUSAHAAN
GARUDA PANCA ARTHA,"HENDRA BUDYHARJA, SH, SE",DIREKTUR UTAMA,INDIVIDU
KAOLINDO INVESTAMA SENTOSA,OYONG WISMAN,SEKUTU PASIF,INDIVIDU
KAOLINDO INVESTAMA SENTOSA,HENDY,SEKUTU PASIF,INDIVIDU
KAOLINDO INVESTAMA SENTOSA,IRFAN RUSDI,SEKUTU PASIF,INDIVIDU
KAOLINDO INVESTAMA SENTOSA,HENDRI,SEKUTU PASIF,INDIVIDU
KAOLINDO INVESTAMA SENTOSA,RUSTAM RACHMAT,SEKUTU PASIF,INDIVIDU
KAOLINDO INVESTAMA SENTOSA,HERMAWAN DAENG PARANI,SEKUTU PASIF,INDIVIDU
KAOLINDO INVESTAMA SENTOSA,HELYUZAR,"SEKUTU AKTIF,PENGURUS",INDIVIDU
KAOLINDO INVESTAMA SENTOSA,"ARSIANDO CITRA, SE.",SEKUTU PASIF,INDIVIDU
ANUGERAH KREATIF MANDIRI,VIVI VERONICA,,INDIVIDU
ANUGERAH KREATIF MANDIRI,ACIN,KOMISARIS,INDIVIDU
ANUGERAH KREATIF MANDIRI,KENDY,DIREKTUR,INDIVIDU
ALBETA MAJU SUKSES,GUNAWAN,KOMISARIS UTAMA,INDIVIDU
ALBETA MAJU SUKSES,RICHARD CHANDRA,DIREKTUR,INDIVIDU
ALBETA MAJU SUKSES,YUNY FAJARWATY,KOMISARIS,INDIVIDU
SILICA JAYA UTAMA,YONG KIE,SEKUTU PASIF,INDIVIDU
SILICA JAYA UTAMA,ROBI,"SEKUTU AKTIF,PENGURUS",INDIVIDU
PERKASA PARAMA BORNEO,ARYA RIZQI DARSONO,KOMISARIS UTAMA,INDIVIDU
PERKASA PARAMA BORNEO,PT GARPATI DAYA INTEGRA,BADAN HUKUM,PERUSAHAAN
PERKASA PARAMA BORNEO,IRVAN ERLANGGA KUSUMA DANI,DIREKTUR,INDIVIDU
PERKASA PARAMA BORNEO,"STEFANUS KURNIAWAN, SARJANA TEKNIK",DIREKTUR,INDIVIDU
PERKASA PARAMA BORNEO,ANANDA NUGRAHA ANSHARI,DIREKTUR UTAMA,INDIVIDU
PERKASA PARAMA BORNEO,AYI PARYANA,KOMISARIS,INDIVIDU
BAYU MANDIRI PRATAMA,RONY LIE,SEKUTU PASIF,INDIVIDU
BAYU MANDIRI PRATAMA,LASUWA,"SEKUTU AKTIF,PENGURUS",INDIVIDU
PERMATA BATU ITAM,WIDODO BAWONO,DIREKTUR,INDIVIDU
BERKAH SILICA MULIA,UJANG SUKARNAEN,DIREKTUR,INDIVIDU
BERKAH SILICA MULIA,DJOHAN RIDUAN HASAN,KOMISARIS,INDIVIDU
RAJAWALI RIMBA PERKASA,FIRDAUS HIKMI ABDULLAH,,INDIVIDU
RAJAWALI RIMBA PERKASA,ASWAL,KOMISARIS,INDIVIDU
RAJAWALI RIMBA PERKASA,MAHENDRA SUJANA,,INDIVIDU
RAJAWALI RIMBA PERKASA,WAWAN HERWAN SATOMI,DIREKTUR,INDIVIDU
RAJAWALI RIMBA PERKASA,FERRY KAMARIUN,,INDIVIDU
RAJAWALI RIMBA PERKASA,RONAL WIJAYA,,INDIVIDU
RAJAWALI RIMBA PERKASA,HADI WIRATAMA LEGAWA,,INDIVIDU
MITRA PERSADA RESOURCES,PT. KEIKIRA BERSAMA NUSANTARA,BADAN HUKUM,PERUSAHAAN
MITRA PERSADA RESOURCES,HANDRIC,KOMISARIS,INDIVIDU
MITRA PERSADA RESOURCES,IWAN,DIREKTUR,INDIVIDU
MITRA PERSADA RESOURCES,PT. ARMADA SAMUDRA PERSADA,BADAN HUKUM,PERUSAHAAN
BERKAH BANGKA MAJU,FIRMAN,DIREKTUR UTAMA,INDIVIDU
BERKAH BANGKA MAJU,ERWAN ROS,KOMISARIS,INDIVIDU
BERKAH BANGKA MAJU,JIMMY,DIREKTUR,INDIVIDU
BERKAH BANGKA MAJU,ARBI LEO,KOMISARIS UTAMA,INDIVIDU
MANDIRI SEJAHTERA ABADI,"DENI SYAHDANI, SARJANA EKONOMI","SEKUTU AKTIF,PENGURUS",INDIVIDU
MANDIRI SEJAHTERA ABADI,MUHAMMAD ALFI FARHAN,"SEKUTU PASIF,PENGURUS",INDIVIDU
MANDIRI SEJAHTERA ABADI,YOICE SISILIA,"SEKUTU AKTIF,PENGURUS",INDIVIDU
BANGUNAN AGUNG,RACHMAN HAKIM,KOMISARIS UTAMA,INDIVIDU
BANGUNAN AGUNG,PT NIPPINDO KAOLIN ABADI,BADAN HUKUM,PERUSAHAAN
BANGUNAN AGUNG,PT ALTER ABADI,BADAN HUKUM,PERUSAHAAN
BANGUNAN AGUNG,LENY HAKIM,DIREKTUR,INDIVIDU
BANGUNAN AGUNG,NOVITA HAKIM,KOMISARIS,INDIVIDU
BANGUNAN AGUNG,JEFRY HAKIM,DIREKTUR UTAMA,INDIVIDU
BANGUNAN AGUNG,ISKANDAR,DIREKTUR,INDIVIDU
BANGUNAN AGUNG,HARUN CAHYADI,,INDIVIDU
BANGUNAN AGUNG,HARI SOEMANTO,DIREKTUR,INDIVIDU
SARANA MARINDO,RUDI,KOMISARIS,INDIVIDU
SARANA MARINDO,S A A D I,,INDIVIDU
SARANA MARINDO,WIRYADI SUKAMTO,DIREKTUR,INDIVIDU
ERA BARU KWARSA,HERMAWAN DAENG PARANI,,INDIVIDU
ERA BARU KWARSA,RUSTAM RACHMAT,,INDIVIDU
ERA BARU KWARSA,HENDY,KOMISARIS UTAMA,INDIVIDU
ERA BARU KWARSA,OYONG WISMAN,DIREKTUR,INDIVIDU
ERA BARU KWARSA,HELYUZAR,,INDIVIDU
ERA BARU KWARSA,ARSIANDO CITRA SE,KOMISARIS,INDIVIDU
GELORA ABADI PERSADA,PARRISH,DIREKTUR UTAMA,INDIVIDU
GELORA ABADI PERSADA,POHAN BUDIMAN,,INDIVIDU
GELORA ABADI PERSADA,EDY FITRIYANTO,DIREKTUR,INDIVIDU
GELORA ABADI PERSADA,CAROLINE PURNOMO,DIREKTUR,INDIVIDU
GELORA ABADI PERSADA,FREDDY LIMAWAN,KOMISARIS,INDIVIDU
TIMAH INVESTASI MINERAL,SUMARTONO,KOMISARIS,INDIVIDU
TIMAH INVESTASI MINERAL,ARI WIBOWO,DIREKTUR,INDIVIDU
TIMAH INVESTASI MINERAL,KOPERASI KARYAWAN TIMAH MITRA MANDIRI,BADAN HUKUM,INDIVIDU
TIMAH INVESTASI MINERAL,PT TIMAH TBK,BADAN HUKUM,PERUSAHAAN
TIMAH INVESTASI MINERAL,ABDULLAH UMAR,DIREKTUR UTAMA,INDIVIDU
KWARSA PRIMA JAYA,OYONG WISMAN,KOMISARIS,INDIVIDU
KWARSA PRIMA JAYA,HENDY,DIREKTUR,INDIVIDU
KWARSA PRIMA JAYA,ARSIANDO CITRA SE,KOMISARIS UTAMA,INDIVIDU
KWARSA PRIMA JAYA,SILIKA JAYA BARU,BADAN HUKUM,INDIVIDU
KWARSA PRIMA JAYA,HAMPARAN PASIR JAYA,BADAN HUKUM,INDIVIDU
TANJUNG BUKIT NUNGGAL,RIZARD AMRY SIRAT,DIREKTUR UTAMA,INDIVIDU
TANJUNG BUKIT NUNGGAL,PT. VITRAMA PROPERTI,BADAN HUKUM,PERUSAHAAN
TANJUNG BUKIT NUNGGAL,SOFIANI HARAHAP,DIREKTUR,INDIVIDU
TANJUNG BUKIT NUNGGAL,PT. BUMIWARNA AGUNGPERKASA,BADAN HUKUM,PERUSAHAAN
TANJUNG BUKIT NUNGGAL,DIDI SULISTIONO,KOMISARIS,INDIVIDU
BONANZA,LUKMAN WINATA,"SEKUTU AKTIF,PENGURUS",INDIVIDU
BONANZA,ROBERTUS BUDI PRASETYA KURNIAWAN,"SEKUTU PASIF,PENGURUS",INDIVIDU
DUA SATU UTAMA,"JEFRY PONAMON, SE","SEKUTU AKTIF,PENGURUS",INDIVIDU
DUA SATU UTAMA,MUH. RIJAL. M,SEKUTU PASIF,INDIVIDU
DUA SATU UTAMA,SUNARDI,"SEKUTU AKTIF,PENGURUS",INDIVIDU
CAHAYA SURYA MENTARI,SUKANDA GUNAWAN SAKTI EFENDI,SEKUTU PASIF,INDIVIDU
CAHAYA SURYA MENTARI,KURNYATJAN SAKTI EFENDIE,"SEKUTU AKTIF,PENGURUS",INDIVIDU
TIGA BANGUN BERSAMA,FAISAL ISLAMI,"SEKUTU AKTIF,PENGURUS",INDIVIDU
TIGA BANGUN BERSAMA,NADYA ERINA,SEKUTU PASIF,INDIVIDU
TIGA BANGUN BERSAMA,SAIFUL ISLAM,SEKUTU PASIF,INDIVIDU
