,SOURCE,TARGET,POSITION,CATEGORY
0,BILITON PRIMA MINERAL,KIRTIADI HOTAMA,DIREKTUR,INDIVIDU
1,BILITON PRIMA MINERAL,HAWANTO HARTONO,KOMISARIS,INDIVIDU
2,NAGA LASKAR PELANGI,WYLLIANTO,DIREKTUR UTAMA,INDIVIDU
3,NAGA LASKAR PELANGI,TJEN JUNG SEN,KOMISARIS UTAMA,INDIVIDU
4,NAGA LASKAR PELANGI,IRWANDA,DIREKTUR,INDIVIDU
5,NAGA LASKAR PELANGI,ERVAN IFYAN HANSEL,DIREKTUR,INDIVIDU
6,NAGA LASKAR PELANGI,URIP BUDIANTO,KOMISARIS,INDIVIDU
7,KARUNIA ALAM BERSAMA,CHRISTOPHER PUTRA GUNAWAN,DIREKTUR,INDIVIDU
8,KARUNIA ALAM BERSAMA,HARIANTO GUNAWAN,KOMISARIS,INDIVIDU
9,BELANTARA JAYA LESTARI,DONY KURNIAWAN,,INDIVIDU
10,BELANTARA JAYA LESTARI,HERMANTO,KOMISARIS,INDIVIDU
11,BELANTARA JAYA LESTARI,RIDHO FALOMA,DIREKTUR,INDIVIDU
12,BELANTARA JAYA LESTARI,PT CANDRA LESTARI SEJAHTERA,BADAN HUKUM,PERUSAHAAN
13,BELANTARA JAYA LESTARI,PT TRACO INDOTAMA MANDIRI,BADAN HUKUM,PERUSAHAAN
14,BELANTARA JAYA LESTARI,PT BERDIKARI SEJAHTERA SENTOSA,BADAN HUKUM,PERUSAHAAN
15,BERKAH SAMUDERA SEMESTA,CHRISTOPHER PUTRA GUNAWAN,DIREKTUR,INDIVIDU
16,BERKAH SAMUDERA SEMESTA,HARIANTO GUNAWAN,KOMISARIS,INDIVIDU
17,TELAGA INTAN PUTIH,SIGARLAKY ROTINSULU,DIREKTUR,INDIVIDU
18,TELAGA INTAN PUTIH,MAUREEN LANIE ESTER ROTINSULU,KOMISARIS,INDIVIDU
19,TELAGA INTAN PUTIH,SAMUEL PHILLIPS ROTINSULU,DIREKTUR UTAMA,INDIVIDU
20,REZEKI SAMUDERA JAYA,CHRISTOPHER PUTRA GUNAWAN,DIREKTUR,INDIVIDU
21,REZEKI SAMUDERA JAYA,HARIANTO GUNAWAN,KOMISARIS,INDIVIDU
22,SWAKARSA TAMBANG INDONESIA,HENDRO,KOMISARIS,INDIVIDU
23,SWAKARSA TAMBANG INDONESIA,HERMAN BUDIYANTO,DIREKTUR,INDIVIDU
24,BATARA PANCAR JAYA MINERAL,LUXOR ANDI WIJAYA,DIREKTUR,INDIVIDU
25,BATARA PANCAR JAYA MINERAL,BRAHM PRANATA,KOMISARIS,INDIVIDU
26,BATARA PANCAR JAYA MINERAL,LILI HENDRAWATI,KOMISARIS UTAMA,INDIVIDU
27,DUTA WATU GEOTEK,ZAINUDDIN,DIREKTUR,INDIVIDU
28,DUTA WATU GEOTEK,AMBARSARI DWICAHYANI,KOMISARIS,INDIVIDU
29,TIGA BANGUN BERSAMA,EDY SUN,KOMISARIS,INDIVIDU
30,TIGA BANGUN BERSAMA,BASIRAN,DIREKTUR,INDIVIDU
31,BASKARA SILICA MAKMUR,DJOHAN RIDUAN HASAN,KOMISARIS,INDIVIDU
32,BASKARA SILICA MAKMUR,JAMES LOUIS,DIREKTUR,INDIVIDU
33,INDAHSANA LESTARI JAYA,HENG ERIK HARVY HENDRIEK,KOMISARIS UTAMA,INDIVIDU
34,INDAHSANA LESTARI JAYA,ERMA SUSYLAWATI JOYOATMOJO,DIREKTUR UTAMA,INDIVIDU
35,INDAHSANA LESTARI JAYA,NARIMO NUSANTORO,KOMISARIS,INDIVIDU
36,INDAHSANA LESTARI JAYA,ANGGUN RIS SUSANTI,DIREKTUR,INDIVIDU
37,PASIR BELITUNG UTAMA,TRISNA THESKARTONO,KOMISARIS,INDIVIDU
38,PASIR BELITUNG UTAMA,LIENAWATI THES KARTONO,,INDIVIDU
39,PASIR BELITUNG UTAMA,DJEMI HAKIM,DIREKTUR,INDIVIDU
40,TOMMY UTAMA,TJHANG YEAN TIN,,INDIVIDU
41,TOMMY UTAMA,DE BIN LUO,DIREKTUR,INDIVIDU
42,TOMMY UTAMA,TEDDY CHANDRA,KOMISARIS,INDIVIDU
43,TOMMY UTAMA,PT TOMMY MITRA INVESTAMA,BADAN HUKUM,PERUSAHAAN
44,ARCHIE EXPERANZA MANUNGGAL,NARIMO NUSANTORO,KOMISARIS,INDIVIDU
45,ARCHIE EXPERANZA MANUNGGAL,HENG ERIK HARVY HENDRIEK,DIREKTUR,INDIVIDU
46,ARCHIE EXPERANZA MANUNGGAL,YAYUK SRI RAHAYU,DIREKTUR UTAMA,INDIVIDU
47,WAHYU EPAN YUDHISTIRA,WAHYU EPAN YUDHISTIRA,DIREKTUR,INDIVIDU
48,ERA ANUGRAH JAYA,ARSYA PRAWIRA BAHARI,DIREKTUR,INDIVIDU
49,ERA ANUGRAH JAYA,DIMAS PRATAMA WIDYATMOJO,KOMISARIS UTAMA,INDIVIDU
50,ERA ANUGRAH JAYA,IRWIN SAHRONI,KOMISARIS,INDIVIDU
51,BELITONG ANUGRAH PERTIWI,DHARMA BUDI SADELI,DIREKTUR UTAMA,INDIVIDU
52,BELITONG ANUGRAH PERTIWI,ABRAHAM O WATTIMENA (ABRAHAM OKTOVIANUS WATTIMENA),KOMISARIS,INDIVIDU
53,BELITONG ANUGRAH PERTIWI,RACHMADD POHAN,KOMISARIS UTAMA,INDIVIDU
54,BELITONG ANUGRAH PERTIWI,DODY DAMOS MANGALOI TINAMBUNAN,DIREKTUR,INDIVIDU
55,SEJAHTERA UTAMA MITRA JAYA,LAU RENCE,KOMISARIS,INDIVIDU
56,SEJAHTERA UTAMA MITRA JAYA,BENNY SUTANTO,DIREKTUR,INDIVIDU
57,BABEL RESOURCES,SUTTA DARMA KARNADJAJA,KOMISARIS UTAMA,INDIVIDU
58,BABEL RESOURCES,RUDY WIJAYA LIONG,KOMISARIS,INDIVIDU
59,BABEL RESOURCES,APE NIAGATA TJANDRA,,INDIVIDU
60,BABEL RESOURCES,ANDRIANUS DAVID SIM,DIREKTUR,INDIVIDU
61,BABEL RESOURCES,TONI SISWOYUDHO,DIREKTUR UTAMA,INDIVIDU
62,BABEL RESOURCES,PTANT INTERNASIONAL,BADAN HUKUM,PERUSAHAAN
63,GARUDA ARTHA RESOURCES,HERRY SANTOSO,DIREKTUR,INDIVIDU
64,GARUDA ARTHA RESOURCES,SANTOSO SOETANTO,DIREKTUR UTAMA,INDIVIDU
65,GARUDA ARTHA RESOURCES,RATNA SHANTI SOETANTO,KOMISARIS,INDIVIDU
66,GARUDA ARTHA RESOURCES,SRI REDJEKI SOETANTO,,INDIVIDU
67,TRINUSA SILIKA INDONESIA,DUDY CHRISTIAN,KOMISARIS,INDIVIDU
68,TRINUSA SILIKA INDONESIA,ACHMAD FEBBY FADILLAH,KOMISARIS UTAMA,INDIVIDU
69,TRINUSA SILIKA INDONESIA,SURIYANTO,DIREKTUR UTAMA,INDIVIDU
70,TRINUSA SILIKA INDONESIA,ANDI DEBBI YUDHISTA ASAPA,KOMISARIS,INDIVIDU
71,TRINUSA SILIKA INDONESIA,PTTRINUSA BARA UTAMA,BADAN HUKUM,PERUSAHAAN
72,TRINUSA SILIKA INDONESIA,PTENERGITAMA SOLUSINDO LESTARI,BADAN HUKUM,PERUSAHAAN
73,TRINUSA SILIKA INDONESIA,AFIN,DIREKTUR,INDIVIDU
74,TRINUSA SILIKA INDONESIA,MOHAMMAD GENTHA PUTRA,DIREKTUR,INDIVIDU
75,BUMI HERO PERKASA,KARDI DJAJA,KOMISARIS,INDIVIDU
76,BUMI HERO PERKASA,SLAMET CIPTO WIJOYO,DIREKTUR,INDIVIDU
77,BANGKA TIN INDUSTRY,OCEAN ESSENCE HOLDINGS LIMITED,BADAN HUKUM,INDIVIDU
78,BANGKA TIN INDUSTRY,TOGAR SIANIPAR,KOMISARIS,INDIVIDU
79,BANGKA TIN INDUSTRY,RICKY GUNAWAN,PRESIDEN DIREKTUR,INDIVIDU
80,BANGKA TIN INDUSTRY,YONGHONG DUAN,DIREKTUR,INDIVIDU
81,BANGKA TIN INDUSTRY,"SHERLY WANTO, SE",DIREKTUR,INDIVIDU
82,BANGKA TIN INDUSTRY,PT NOBLE CAPITAL,BADAN HUKUM,PERUSAHAAN
83,BANGKA TIN INDUSTRY,TOTO HERMAWAN LIEM,KOMISARIS UTAMA,INDIVIDU
84,BANGKA TIN INDUSTRY,ANTONIUS RICHARDUS ANGGORO SETYO,DIREKTUR,INDIVIDU
85,SHUBHA ALAM PERKASA RESOURCES,WASIS SRIYADI. ST. MT.,KOMISARIS,INDIVIDU
86,SHUBHA ALAM PERKASA RESOURCES,"AGUNG PRIBADI, ST.",KOMISARIS UTAMA,INDIVIDU
87,SHUBHA ALAM PERKASA RESOURCES,"M LUTHFI FATHUR RAHMAN, ST.",DIREKTUR UTAMA,INDIVIDU
88,SHUBHA ALAM PERKASA RESOURCES,"MUHAMMAD AMIN FADHLI, ST.",DIREKTUR,INDIVIDU
89,BANGKA SILICA ABADI,JAMES LOUIS,DIREKTUR,INDIVIDU
90,BANGKA SILICA ABADI,DJOHAN RIDUAN HASAN,KOMISARIS,INDIVIDU
91,SINAR SILICA ABADI,DJOHAN RIDUAN HASAN,KOMISARIS,INDIVIDU
92,SINAR SILICA ABADI,UJANG SUKARNAEN,DIREKTUR,INDIVIDU
93,DHIKA YOGATAMA,"LIANAYANTI ATMAJA, LIEM",SEKUTU PASIF,INDIVIDU
94,DHIKA YOGATAMA,TEDDY HARTONO SETIAWAN,"SEKUTU AKTIF,PENGURUS",INDIVIDU
95,SEJAHTERA LOGINDO ALAM,"SUDRAJAT, AMD",DIREKTUR,INDIVIDU
96,SEJAHTERA LOGINDO ALAM,PT KIMORA INTERNASIONAL,BADAN HUKUM,PERUSAHAAN
97,SEJAHTERA LOGINDO ALAM,SUNARTO SARDADI,KOMISARIS,INDIVIDU
98,SEJAHTERA LOGINDO ALAM,PT SINAR LOGINDO ALAM,BADAN HUKUM,PERUSAHAAN
99,TIN INDUSTRI NASIONAL,RONY FERYAWAN,DIREKTUR,INDIVIDU
100,TIN INDUSTRI NASIONAL,PAULUS,KOMISARIS,INDIVIDU
101,TIN INDUSTRI NASIONAL,PT TININDO INTER NUSA,BADAN HUKUM,PERUSAHAAN
102,TIN INDUSTRI NASIONAL,PT KIMORA INTERNASIONAL,BADAN HUKUM,PERUSAHAAN
103,HARAPAN MUDA,WINARNO,PENGURUS,INDIVIDU
104,HARAPAN MUDA,YONG KIE,SEKUTU PASIF,INDIVIDU
105,HARAPAN MUDA,WINARNO,SEKUTU AKTIF,INDIVIDU
106,HARAPAN MUDA,ROBI,SEKUTU PASIF,INDIVIDU
107,BANGKA MINERATAMA MANDIRI,GERAL NOFANDY,"SEKUTU AKTIF,PENGURUS",INDIVIDU
108,BANGKA MINERATAMA MANDIRI,DJOHAN RIDUAN HASAN,SEKUTU PASIF,INDIVIDU
109,CAHAYA SILICA ABADI,UJANG SUKARNAEN,DIREKTUR,INDIVIDU
110,CAHAYA SILICA ABADI,DJOHAN RIDUAN HASAN,KOMISARIS,INDIVIDU
111,KURNIA MANDIRI ADIPERKASA,NICKOLAS TJAN SAKTI EFENDIE,KOMISARIS,INDIVIDU
112,KURNIA MANDIRI ADIPERKASA,KURNYATJAN SAKTI EFENDIE,DIREKTUR,INDIVIDU
113,JABEL TRI BERSAUDARA,RIANTO HAKIM,DIREKTUR UTAMA,INDIVIDU
114,JABEL TRI BERSAUDARA,PT PRIMA BUNDIARTA NUSA,BADAN HUKUM,PERUSAHAAN
115,JABEL TRI BERSAUDARA,NICHOLAS HAKIM,DIREKTUR,INDIVIDU
116,JABEL TRI BERSAUDARA,DJEMI HAKIM,KOMISARIS,INDIVIDU
117,SUMBER ALAM TIMAH JAYA,TN. HERO TIO,,INDIVIDU
118,SUMBER ALAM TIMAH JAYA,NN. MERRY,,INDIVIDU
119,SUMBER ALAM TIMAH JAYA,TN. JUNAIDIN,DIREKTUR,INDIVIDU
120,SUMBER ALAM TIMAH JAYA,TN. LUNA SUMATRA,KOMISARIS,INDIVIDU
121,KENCANA KAOLIN INDUSTRI,TJOA LIE TJING,KOMISARIS UTAMA,INDIVIDU
122,KENCANA KAOLIN INDUSTRI,JIMMY SANJAYA,DIREKTUR,INDIVIDU
123,KENCANA KAOLIN INDUSTRI,TJOA JIN KIE,DIREKTUR UTAMA,INDIVIDU
124,KENCANA KAOLIN INDUSTRI,TJOA JIN KHIAT,KOMISARIS,INDIVIDU
125,MANDIRI SEJAHTERA ABADI,SUMIATI,SEKUTU PASIF,INDIVIDU
126,MANDIRI SEJAHTERA ABADI,NICHOLAS HAKIM,SEKUTU PASIF,INDIVIDU
127,MANDIRI SEJAHTERA ABADI,DJEMI HAKIM,"SEKUTU AKTIF,PENGURUS",INDIVIDU
128,STANINDO INTI PERKASA,SUWITO GUNAWAN,KOMISARIS,INDIVIDU
129,STANINDO INTI PERKASA,MB. GUNAWAN,DIREKTUR,INDIVIDU
130,DUA SATU UTAMA,PTAUTUM PRIMA INDONESIA,BADAN HUKUM,PERUSAHAAN
131,DUA SATU UTAMA,TRIANDI,KOMISARIS,INDIVIDU
132,DUA SATU UTAMA,REYMOND HENDRA PLANGITEN,DIREKTUR,INDIVIDU
133,ROYAL SILICA NUSANTARA,YULI MARIA LYANAWATI,KOMISARIS,INDIVIDU
134,ROYAL SILICA NUSANTARA,PTROYAL PERMATA INDONESIA,BADAN HUKUM,PERUSAHAAN
135,ROYAL SILICA NUSANTARA,"EDI NASAPTA, S.M",DIREKTUR,INDIVIDU
136,KARYA CIPTA LAHANINDO,OPPY SANARJO,DIREKTUR,INDIVIDU
137,KARYA CIPTA LAHANINDO,TITI,KOMISARIS,INDIVIDU
138,KARYA CIPTA LAHANINDO,PTPELAYARAN KURNIA LAUTAN SEMESTA,BADAN HUKUM,PERUSAHAAN
139,KARYA CIPTA LAHANINDO,KURNYATJAN SAKTI EFFENDIE,DIREKTUR UTAMA,INDIVIDU
140,GARUDA PANCA ARTHA,VINCENT JUNIUS,KOMISARIS UTAMA,INDIVIDU
141,GARUDA PANCA ARTHA,PTPANCA MITRA ARTHA,BADAN HUKUM,PERUSAHAAN
142,GARUDA PANCA ARTHA,FELIX SAPTAVIANUS,DIREKTUR,INDIVIDU
143,GARUDA PANCA ARTHA,"BUDI SANTOSO, ST",KOMISARIS,INDIVIDU
144,GARUDA PANCA ARTHA,PTSINAR MITRA ARTHA,BADAN HUKUM,PERUSAHAAN
145,GARUDA PANCA ARTHA,"HENDRA BUDYHARJA, SH, SE",DIREKTUR UTAMA,INDIVIDU
146,KAOLINDO INVESTAMA SENTOSA,OYONG WISMAN,SEKUTU PASIF,INDIVIDU
147,KAOLINDO INVESTAMA SENTOSA,HENDY,SEKUTU PASIF,INDIVIDU
148,KAOLINDO INVESTAMA SENTOSA,IRFAN RUSDI,SEKUTU PASIF,INDIVIDU
149,KAOLINDO INVESTAMA SENTOSA,HENDRI,SEKUTU PASIF,INDIVIDU
150,KAOLINDO INVESTAMA SENTOSA,RUSTAM RACHMAT,SEKUTU PASIF,INDIVIDU
151,KAOLINDO INVESTAMA SENTOSA,HERMAWAN DAENG PARANI,SEKUTU PASIF,INDIVIDU
152,KAOLINDO INVESTAMA SENTOSA,HELYUZAR,"SEKUTU AKTIF,PENGURUS",INDIVIDU
153,KAOLINDO INVESTAMA SENTOSA,"ARSIANDO CITRA, SE.",SEKUTU PASIF,INDIVIDU
154,ANUGERAH KREATIF MANDIRI,VIVI VERONICA,,INDIVIDU
155,ANUGERAH KREATIF MANDIRI,ACIN,KOMISARIS,INDIVIDU
156,ANUGERAH KREATIF MANDIRI,KENDY,DIREKTUR,INDIVIDU
157,ALBETA MAJU SUKSES,GUNAWAN,KOMISARIS UTAMA,INDIVIDU
158,ALBETA MAJU SUKSES,RICHARD CHANDRA,DIREKTUR,INDIVIDU
159,ALBETA MAJU SUKSES,YUNY FAJARWATY,KOMISARIS,INDIVIDU
160,SILICA JAYA UTAMA,YONG KIE,SEKUTU PASIF,INDIVIDU
161,SILICA JAYA UTAMA,ROBI,"SEKUTU AKTIF,PENGURUS",INDIVIDU
162,PERKASA PARAMA BORNEO,ARYA RIZQI DARSONO,KOMISARIS UTAMA,INDIVIDU
163,PERKASA PARAMA BORNEO,PTGARPATI DAYA INTEGRA,BADAN HUKUM,PERUSAHAAN
164,PERKASA PARAMA BORNEO,IRVAN ERLANGGA KUSUMA DANI,DIREKTUR,INDIVIDU
165,PERKASA PARAMA BORNEO,"STEFANUS KURNIAWAN, SARJANA TEKNIK",DIREKTUR,INDIVIDU
166,PERKASA PARAMA BORNEO,ANANDA NUGRAHA ANSHARI,DIREKTUR UTAMA,INDIVIDU
167,PERKASA PARAMA BORNEO,AYI PARYANA,KOMISARIS,INDIVIDU
168,BAYU MANDIRI PRATAMA,RONY LIE,SEKUTU PASIF,INDIVIDU
169,BAYU MANDIRI PRATAMA,LASUWA,"SEKUTU AKTIF,PENGURUS",INDIVIDU
170,PERMATA BATU ITAM,WIDODO BAWONO,DIREKTUR,INDIVIDU
171,BERKAH SILICA MULIA,UJANG SUKARNAEN,DIREKTUR,INDIVIDU
172,BERKAH SILICA MULIA,DJOHAN RIDUAN HASAN,KOMISARIS,INDIVIDU
173,RAJAWALI RIMBA PERKASA,FIRDAUS HIKMI ABDULLAH,,INDIVIDU
174,RAJAWALI RIMBA PERKASA,ASWAL,KOMISARIS,INDIVIDU
175,RAJAWALI RIMBA PERKASA,MAHENDRA SUJANA,,INDIVIDU
176,RAJAWALI RIMBA PERKASA,WAWAN HERWAN SATOMI,DIREKTUR,INDIVIDU
177,RAJAWALI RIMBA PERKASA,FERRY KAMARIUN,,INDIVIDU
178,RAJAWALI RIMBA PERKASA,RONAL WIJAYA,,INDIVIDU
179,RAJAWALI RIMBA PERKASA,HADI WIRATAMA LEGAWA,,INDIVIDU
180,MITRA PERSADA RESOURCES,PT KEIKIRA BERSAMA NUSANTARA,BADAN HUKUM,PERUSAHAAN
181,MITRA PERSADA RESOURCES,HANDRIC,KOMISARIS,INDIVIDU
182,MITRA PERSADA RESOURCES,IWAN,DIREKTUR,INDIVIDU
183,MITRA PERSADA RESOURCES,PT ARMADA SAMUDRA PERSADA,BADAN HUKUM,PERUSAHAAN
184,BERKAH BANGKA MAJU,FIRMAN,DIREKTUR UTAMA,INDIVIDU
185,BERKAH BANGKA MAJU,ERWAN ROS,KOMISARIS,INDIVIDU
186,BERKAH BANGKA MAJU,JIMMY,DIREKTUR,INDIVIDU
187,BERKAH BANGKA MAJU,ARBI LEO,KOMISARIS UTAMA,INDIVIDU
188,MANDIRI SEJAHTERA ABADI,"DENI SYAHDANI, SARJANA EKONOMI","SEKUTU AKTIF,PENGURUS",INDIVIDU
189,MANDIRI SEJAHTERA ABADI,MUHAMMAD ALFI FARHAN,"SEKUTU PASIF,PENGURUS",INDIVIDU
190,MANDIRI SEJAHTERA ABADI,YOICE SISILIA,"SEKUTU AKTIF,PENGURUS",INDIVIDU
191,BANGUNAN AGUNG,RACHMAN HAKIM,KOMISARIS UTAMA,INDIVIDU
192,BANGUNAN AGUNG,PTNIPPINDO KAOLIN ABADI,BADAN HUKUM,PERUSAHAAN
193,BANGUNAN AGUNG,PTALTER ABADI,BADAN HUKUM,PERUSAHAAN
194,BANGUNAN AGUNG,LENY HAKIM,DIREKTUR,INDIVIDU
195,BANGUNAN AGUNG,NOVITA HAKIM,KOMISARIS,INDIVIDU
196,BANGUNAN AGUNG,JEFRY HAKIM,DIREKTUR UTAMA,INDIVIDU
197,BANGUNAN AGUNG,ISKANDAR,DIREKTUR,INDIVIDU
198,BANGUNAN AGUNG,HARUN CAHYADI,,INDIVIDU
199,BANGUNAN AGUNG,HARI SOEMANTO,DIREKTUR,INDIVIDU
200,SARANA MARINDO,RUDI,KOMISARIS,INDIVIDU
201,SARANA MARINDO,S A A D I,,INDIVIDU
202,SARANA MARINDO,WIRYADI SUKAMTO,DIREKTUR,INDIVIDU
203,ERA BARU KWARSA,HERMAWAN DAENG PARANI,,INDIVIDU
204,ERA BARU KWARSA,RUSTAM RACHMAT,,INDIVIDU
205,ERA BARU KWARSA,HENDY,KOMISARIS UTAMA,INDIVIDU
206,ERA BARU KWARSA,OYONG WISMAN,DIREKTUR,INDIVIDU
207,ERA BARU KWARSA,HELYUZAR,,INDIVIDU
208,ERA BARU KWARSA,ARSIANDO CITRA SE,KOMISARIS,INDIVIDU
209,GELORA ABADI PERSADA,PARRISH,DIREKTUR UTAMA,INDIVIDU
210,GELORA ABADI PERSADA,POHAN BUDIMAN,,INDIVIDU
211,GELORA ABADI PERSADA,EDY FITRIYANTO,DIREKTUR,INDIVIDU
212,GELORA ABADI PERSADA,CAROLINE PURNOMO,DIREKTUR,INDIVIDU
213,GELORA ABADI PERSADA,FREDDY LIMAWAN,KOMISARIS,INDIVIDU
214,TIMAH INVESTASI MINERAL,SUMARTONO,KOMISARIS,INDIVIDU
215,TIMAH INVESTASI MINERAL,ARI WIBOWO,DIREKTUR,INDIVIDU
216,TIMAH INVESTASI MINERAL,KOPERASI KARYAWAN TIMAH MITRA MANDIRI,BADAN HUKUM,INDIVIDU
217,TIMAH INVESTASI MINERAL,PTTIMAH TBK,BADAN HUKUM,PERUSAHAAN
218,TIMAH INVESTASI MINERAL,ABDULLAH UMAR,DIREKTUR UTAMA,INDIVIDU
219,KWARSA PRIMA JAYA,OYONG WISMAN,KOMISARIS,INDIVIDU
220,KWARSA PRIMA JAYA,HENDY,DIREKTUR,INDIVIDU
221,KWARSA PRIMA JAYA,ARSIANDO CITRA SE,KOMISARIS UTAMA,INDIVIDU
222,KWARSA PRIMA JAYA,SILIKA JAYA BARU,BADAN HUKUM,INDIVIDU
223,KWARSA PRIMA JAYA,HAMPARAN PASIR JAYA,BADAN HUKUM,INDIVIDU
224,TANJUNG BUKIT NUNGGAL,RIZARD AMRY SIRAT,DIREKTUR UTAMA,INDIVIDU
225,TANJUNG BUKIT NUNGGAL,PT VITRAMA PROPERTI,BADAN HUKUM,PERUSAHAAN
226,TANJUNG BUKIT NUNGGAL,SOFIANI HARAHAP,DIREKTUR,INDIVIDU
227,TANJUNG BUKIT NUNGGAL,PT BUMIWARNA AGUNGPERKASA,BADAN HUKUM,PERUSAHAAN
228,TANJUNG BUKIT NUNGGAL,DIDI SULISTIONO,KOMISARIS,INDIVIDU
229,BONANZA,LUKMAN WINATA,"SEKUTU AKTIF,PENGURUS",INDIVIDU
230,BONANZA,ROBERTUS BUDI PRASETYA KURNIAWAN,"SEKUTU PASIF,PENGURUS",INDIVIDU
231,DUA SATU UTAMA,"JEFRY PONAMON, SE","SEKUTU AKTIF,PENGURUS",INDIVIDU
232,DUA SATU UTAMA,MUH. RIJAL. M,SEKUTU PASIF,INDIVIDU
233,DUA SATU UTAMA,SUNARDI,"SEKUTU AKTIF,PENGURUS",INDIVIDU
234,CAHAYA SURYA MENTARI,SUKANDA GUNAWAN SAKTI EFENDI,SEKUTU PASIF,INDIVIDU
235,CAHAYA SURYA MENTARI,KURNYATJAN SAKTI EFENDIE,"SEKUTU AKTIF,PENGURUS",INDIVIDU
236,TIGA BANGUN BERSAMA,FAISAL ISLAMI,"SEKUTU AKTIF,PENGURUS",INDIVIDU
237,TIGA BANGUN BERSAMA,NADYA ERINA,SEKUTU PASIF,INDIVIDU
238,TIGA BANGUN BERSAMA,SAIFUL ISLAM,SEKUTU PASIF,INDIVIDU
239,ANEKA KAOLINE UTAMA,ARFEN BASUKIE,KOMISARIS,INDIVIDU
240,ANEKA KAOLINE UTAMA,"ARCIN BASUKIE, BONG",KOMISARIS UTAMA,INDIVIDU
241,ANEKA KAOLINE UTAMA,ARYANDI BASUKIE,DIREKTUR,INDIVIDU
242,ANEKA KAOLINE UTAMA,ARIFIN BASUKI,DIREKTUR UTAMA,INDIVIDU
243,BABEL INTI PERKASA,IWA SUKRESNO KARUNIA,KOMISARIS,INDIVIDU
244,BABEL INTI PERKASA,TONNY KHASHOGGI HIOE,KOMISARIS,INDIVIDU
245,BABEL INTI PERKASA,WIRANTO NURHADI,KOMISARIS UTAMA,INDIVIDU
246,BABEL INTI PERKASA,PT BUKIT TIMAH,BADAN HUKUM,PERUSAHAAN
247,BABEL INTI PERKASA,DRS. MOCH CHANAFI,DIREKTUR,INDIVIDU
248,INDO TIMAH CAHAYA MULIA,PTBELITUNG INDUSTRI SEJAHTERA,BADAN HUKUM,PERUSAHAAN
249,INDO TIMAH CAHAYA MULIA,WONGWA GROHO,DIREKTUR UTAMA,INDIVIDU
250,INDO TIMAH CAHAYA MULIA,PTCAHAYA SURYA TIMAH INDOTAMA,BADAN HUKUM,PERUSAHAAN
251,INDO TIMAH CAHAYA MULIA,MAHJUDIN MULIA,DIREKTUR,INDIVIDU
252,INDO TIMAH CAHAYA MULIA,PTCAHAYA TIMAH BELITUNG JAYA,BADAN HUKUM,PERUSAHAAN
253,INDO TIMAH CAHAYA MULIA,HERMAN PICAL,KOMISARIS,INDIVIDU
254,INDUSTRI MINERAL BELITUNG,TJEN JUNG SEN,KOMISARIS,INDIVIDU
255,INDUSTRI MINERAL BELITUNG,TRI APRILLIANSYAH,DIREKTUR UTAMA,INDIVIDU
256,INDUSTRI MINERAL BELITUNG,TJEN WEN LIANG,DIREKTUR,INDIVIDU
257,ELYSKA INDO PLANTATION,YESSI WIJAYA,"Sekutu Aktif,Pengurus",INDIVIDU
258,ELYSKA INDO PLANTATION,RENDY VIRNANTO WIJAYA,Sekutu Pasif,INDIVIDU
259,SRIYUDI ALAM PERKASA,YESSI WIJAYA,DIREKTUR,INDIVIDU
260,SRIYUDI ALAM PERKASA,SANTI WIJAYA,KOMISARIS,INDIVIDU
261,USAHA MANDIRI PERSADA,STEVEN CANDRA,DIREKTUR UTAMA,INDIVIDU
262,USAHA MANDIRI PERSADA,LYDIA,DIREKTUR,INDIVIDU
263,USAHA MANDIRI PERSADA,SIANTY BUNTARAN,KOMISARIS,INDIVIDU
264,SEIRAMA TIN INVESTMENT,TN. TJEUW JIT KONG,DIREKTUR,INDIVIDU
265,SEIRAMA TIN INVESTMENT,TN. FERRY KAMARIUN,KOMISARIS,INDIVIDU
266,SEIRAMA TIN INVESTMENT,TN. RONAL WIJAYA,KOMISARIS,INDIVIDU
267,BABELLAND,SAMUEL TURANGAN,KOMISARIS,INDIVIDU
268,BABELLAND,TJENG KIAT,DIREKTUR UTAMA,INDIVIDU
269,BABELLAND,TELLIE,DIREKTUR UTAMA,INDIVIDU
270,BABELLAND,LIAN SEPTIARINI,DIREKTUR UTAMA,INDIVIDU
271,BABELLAND,ETTY ABCORITA,DIREKTUR,INDIVIDU
272,ATD MAKMUR MANDIRI,LUNA SUMATRA,DIREKTUR,INDIVIDU
273,ATD MAKMUR MANDIRI,AGNES FELICIA,KOMISARIS,INDIVIDU
274,ATD MAKMUR MANDIRI,HERO TIO,KOMISARIS,INDIVIDU
275,MITRA STANIA PRIMA,SATRIO DIMAS ADITYO,KOMISARIS,INDIVIDU
276,MITRA STANIA PRIMA,HASHIM S DJOJOHADIKUSUMO,KOMISARIS UTAMA,INDIVIDU
277,MITRA STANIA PRIMA,PTARSARI MULTI TAMBANG,BADAN HUKUM,PERUSAHAAN
278,MITRA STANIA PRIMA,IR JEFFREY KOUNANG,DIREKTUR,INDIVIDU
279,MITRA STANIA PRIMA,ARNOLD RONNY PARULIAN,DIREKTUR,INDIVIDU
280,MITRA STANIA PRIMA,PTARSARI TAMBANG,BADAN HUKUM,PERUSAHAAN
281,MITRA STANIA PRIMA,"HARWENDRO ADITYO DEWANTO, SARJANA HUKUM",KOMISARIS,INDIVIDU
282,MITRA STANIA PRIMA,ARYO P S DJOJOHADIKUSUMO,DIREKTUR UTAMA,INDIVIDU
283,MITRA STANIA PRIMA,AN SUDARNO,DIREKTUR,INDIVIDU
284,BUKIT TIMAH,PTINDRA PUTRA MEGA,PEMEGANG SAHAM,INDIVIDU
285,BUKIT TIMAH,"MOCH CHANAFI, DRS",DIREKTUR,INDIVIDU
286,BABEL SURYA ALAM LESTARI,TN. FIRDAUS HIKMI ABDULLAH,KOMISARIS,INDIVIDU
287,BABEL SURYA ALAM LESTARI,TN. RUDY SUMARLI,DIREKTUR,INDIVIDU
288,BANGKA PRIMA TIN,MAHARDHIKA AZIZ PUTRA,DIREKTUR,INDIVIDU
289,BANGKA PRIMA TIN,HOKO PHENDY,KOMISARIS,INDIVIDU
290,BANGKA PRIMA TIN,BUDIHARTO,DIREKTUR,INDIVIDU
291,BANGKA PRIMA TIN,FUKSIN,DIREKTUR,INDIVIDU
292,MITRA SUKSES GLOBALINDO,ZHEN BAILANG,PRESIDEN DIREKTUR,INDIVIDU
293,MITRA SUKSES GLOBALINDO,TEDDY CHANDRA DJOHAN,DIREKTUR,INDIVIDU
294,MITRA SUKSES GLOBALINDO,PT ANINDITA NATA TIARA,BADAN HUKUM,PERUSAHAAN
295,MITRA SUKSES GLOBALINDO,TONI SISWOYUDHO,DIREKTUR,INDIVIDU
296,MITRA SUKSES GLOBALINDO,LOW GUAN YUAN,KOMISARIS,INDIVIDU
297,MITRA SUKSES GLOBALINDO,SUTTA DARMA KARNADJAJA,DIREKTUR,INDIVIDU
298,MITRA SUKSES GLOBALINDO,LONG TOP INTERNATIONAL INVESTMENT LIMITED,BADAN HUKUM,PERUSAHAAN
299,MITRA SUKSES GLOBALINDO,KWONG JACK,DIREKTUR,INDIVIDU
300,MITRA SUKSES GLOBALINDO,GLOBAL ASIA RESOURCES GROUP LIMITED,BADAN HUKUM,PERUSAHAAN
301,MITRA SUKSES GLOBALINDO,ANDRIANUS DAVID SIM,PRESIDEN KOMISARIS,INDIVIDU
302,BANGKA SERUMPUN,SONNY WENNAS,DIREKTUR,INDIVIDU
303,BANGKA SERUMPUN,PT SEKAWAN TRIASIH ABADI,BADAN HUKUM,PERUSAHAAN
304,BANGKA SERUMPUN,JENNI KUSMIADI,BADAN HUKUM,PERUSAHAAN
305,BANGKA SERUMPUN,PT PRESTASI PELUMASINDO UNGGUL,BADAN HUKUM,PERUSAHAAN
306,BANGKA SERUMPUN,HERMAN ROESLI,DIREKTUR UTAMA,INDIVIDU
307,BANGKA SERUMPUN,ERWIN LATIEF,KOMISARIS,INDIVIDU
308,BANGKA SERUMPUN,ANTAWINARTA,KOMISARIS,INDIVIDU
309,PRIMA TIMAH UTAMA,MUH SIGIT PRASETYA,DIREKTUR,INDIVIDU
310,PRIMA TIMAH UTAMA,PRONO WIBOWO,KOMISARIS,INDIVIDU
311,PRIMA TIMAH UTAMA,PTDUAPILAR SELARAS MAJU,BADAN HUKUM,PERUSAHAAN
312,PRIMA TIMAH UTAMA,PTDWIJAYA MAJU BERSAMA,BADAN HUKUM,PERUSAHAAN
313,PUTERA SARANA SHAKTI,ERI IRWANTO NURACHMAN,DIREKTUR,INDIVIDU
314,PUTERA SARANA SHAKTI,"SHERLY WANTO, Sarjana Ekonomi",KOMISARIS,INDIVIDU
315,PUTERA SARANA SHAKTI,PTMITRA GRAHA RAYA,BADAN HUKUM,PERUSAHAAN
316,PUTERA SARANA SHAKTI,EKO WIJAYA,KOMISARIS UTAMA,INDIVIDU
317,SUKSES INTI MAKMUR,SIENTJE JULIANA,KOMISARIS UTAMA,INDIVIDU
318,SUKSES INTI MAKMUR,MUNADI TANTRA,KOMISARIS UTAMA,INDIVIDU
319,SUKSES INTI MAKMUR,KIM HON,KOMISARIS UTAMA,INDIVIDU
320,SUKSES INTI MAKMUR,ERVIANTI RAKHMASARI,KOMISARIS UTAMA,INDIVIDU
321,SUKSES INTI MAKMUR,ENDANG MURTININGSIH,KOMISARIS UTAMA,INDIVIDU
322,SUKSES INTI MAKMUR,DEDY HERNANDIE,KOMISARIS UTAMA,INDIVIDU
323,SUKSES INTI MAKMUR,ACHMAD BAIJURI,DIREKTUR,INDIVIDU
324,SUKSES INTI MAKMUR,SANDRY,DIREKTUR UTAMA,INDIVIDU
325,SUKSES INTI MAKMUR,HALIM SETIA,KOMISARIS,INDIVIDU
326,SUKSES INTI MAKMUR,DEASY SUSANTI,KOMISARIS,INDIVIDU
327,SUKSES INTI MAKMUR,ALVIN SOVIAN,KOMISARIS,INDIVIDU
328,RAJAWALI RIMBA PERKASA,FIRDAUS HIKMI ABDULLAH,KOMISARIS,INDIVIDU
329,RAJAWALI RIMBA PERKASA,MAHENDRA SUJANA,KOMISARIS,INDIVIDU
330,RAJAWALI RIMBA PERKASA,FERRY KAMARIUN,DIREKTUR,INDIVIDU
331,RAJAWALI RIMBA PERKASA,RONAL WIJAYA,DIREKTUR,INDIVIDU
332,RAJAWALI RIMBA PERKASA,HADI WIRATAMA LEGAWA,DIREKTUR,INDIVIDU
333,PERUSAHAAN PERSEROAN (PERSERO) PTTIMAH Tbk.,RATIH MAYASARI,DIREKTUR,INDIVIDU
334,PERUSAHAAN PERSEROAN (PERSERO) PTTIMAH Tbk.,HANDY GENIARDI,DIREKTUR,INDIVIDU
335,PERUSAHAAN PERSEROAN (PERSERO) PTTIMAH Tbk.,AGUS ROHMAN,KOMISARIS UTAMA,INDIVIDU
336,PERUSAHAAN PERSEROAN (PERSERO) PTTIMAH Tbk.,YUSLIH IHZA,KOMISARIS INDEPENDEN,INDIVIDU
337,PERUSAHAAN PERSEROAN (PERSERO) PTTIMAH Tbk.,M. HITA TUNGGAL,KOMISARIS INDEPENDEN,INDIVIDU
338,PERUSAHAAN PERSEROAN (PERSERO) PTTIMAH Tbk.,RIZANI USMAN,KOMISARIS,INDIVIDU
339,PERUSAHAAN PERSEROAN (PERSERO) PTTIMAH Tbk.,AGUS ROHMAN,KOMISARIS INDEPENDEN,INDIVIDU
340,PERUSAHAAN PERSEROAN (PERSERO) PTTIMAH Tbk.,RESTU WIDIYANTORO,DIREKTUR UTAMA,INDIVIDU
341,PERUSAHAAN PERSEROAN (PERSERO) PTTIMAH Tbk.,SUHENDRA RATUPRAWIRANEGARA,DIREKTUR,INDIVIDU
342,PERUSAHAAN PERSEROAN (PERSERO) PTTIMAH Tbk.,PTPERUSAHAAN PERSEROAN (PERSERO) PTMINERAL INDUSTRI INDONESIA,BADAN HUKUM,PERUSAHAAN
343,PERUSAHAAN PERSEROAN (PERSERO) PTTIMAH Tbk.,ILHAMSYAH MAHENDRA,DIREKTUR,INDIVIDU
344,PERUSAHAAN PERSEROAN (PERSERO) PTTIMAH Tbk.,HARRY BUDI SIDHARTA,WAKIL DIREKTUR UTAMA,INDIVIDU
345,PERUSAHAAN PERSEROAN (PERSERO) PTTIMAH Tbk.,FINA ELIANI,DIREKTUR,INDIVIDU
346,PERUSAHAAN PERSEROAN (PERSERO) PTTIMAH Tbk.,NEGARA REPUBLIK INDONESIA,BADAN HUKUM,PERUSAHAAN
347,PERUSAHAAN PERSEROAN (PERSERO) PTTIMAH Tbk.,ENIYA LISTIANI DEWI,KOMISARIS,INDIVIDU
348,RAJEHAN ARIQ,PTTRACO INDOTAMA MANDIRI,BADAN HUKUM,PERUSAHAAN
349,RAJEHAN ARIQ,PTCANDRA LESTARI SEJAHTERA,BADAN HUKUM,PERUSAHAAN
350,RAJEHAN ARIQ,PTBERDIKARI SEJAHTERA SENTOSA,BADAN HUKUM,PERUSAHAAN
351,RAJEHAN ARIQ,SOFYAN SAURI NASUTION,DIREKTUR,INDIVIDU
352,RAJEHAN ARIQ,MUHAMMAT,KOMISARIS,INDIVIDU
353,TOMMY UTAMA,TJHANG YEAN TIN,KOMISARIS,INDIVIDU
354,REFINED BANGKA TIN,PT TOMMY MITRA INVESTAMA,BADAN HUKUM,PERUSAHAAN
355,VENUS INTI PERKASA,TN. TAMRON,Sekutu Pasif,INDIVIDU
356,VENUS INTI PERKASA,TN. HASAN TJHIE,"Sekutu Aktif,Pengurus",INDIVIDU
357,PRIMA BUNDIARTA NUSA,NICHOLAS HAKIM,KOMISARIS UTAMA,INDIVIDU
358,PRIMA BUNDIARTA NUSA,SUMIATI,KOMISARIS UTAMA,INDIVIDU
359,PRIMA BUNDIARTA NUSA,MALVIN MULJADI,DIREKTUR,INDIVIDU
360,PRIMA BUNDIARTA NUSA,DJEMI HAKIM,DIREKTUR UTAMA,INDIVIDU
361,PRIMA BUNDIARTA NUSA,JESSICA HAKIM,DIREKTUR UTAMA,INDIVIDU
362,PRIMA BUNDIARTA NUSA,ERNI HAKIM,KOMISARIS,INDIVIDU
363,PREMIUM TIN INDONESIA,DATAWINARTA,KOMISARIS,INDIVIDU
364,PREMIUM TIN INDONESIA,GIOVANNI ADHIPUTRA AZIZ,KOMISARIS,INDIVIDU
365,PREMIUM TIN INDONESIA,IRYANDI,KOMISARIS,INDIVIDU
366,PREMIUM TIN INDONESIA,"DARWIS, S. AG",DIREKTUR,INDIVIDU
367,TUNAS MANDIRI PERSADA,STEFFANY CANDRA,KOMISARIS,INDIVIDU
368,TUNAS MANDIRI PERSADA,KIM TJOAN,DIREKTUR,INDIVIDU
369,AEGA PRIMA,"HARWENDRO ADITYO DEWANTO, SH",KOMISARIS UTAMA,INDIVIDU
370,AEGA PRIMA,ARYO P S DJOJOHADIKUSUMO,DIREKTUR UTAMA,INDIVIDU
371,AEGA PRIMA,IR JEFFREY KOUNANG,DIREKTUR,INDIVIDU
372,AEGA PRIMA,PTARSARI TAMBANG,BADAN HUKUM,PERUSAHAAN
373,AEGA PRIMA,PTMITRA STANIA PRIMA,BADAN HUKUM,PERUSAHAAN
374,AEGA PRIMA,CORNELIS SUHARYANTO,KOMISARIS,INDIVIDU
375,CIPTA MINERAL BUMI SELARAS,RONI NUGRAHA LESMANA,KOMISARIS,INDIVIDU
376,CIPTA MINERAL BUMI SELARAS,TINO TANINO,DIREKTUR,INDIVIDU
377,CIPTA MINERAL BUMI SELARAS,PTSINAR MINERAL SEJATI,BADAN HUKUM,PERUSAHAAN
378,KARYA EMAS MULTISANI,DINA WIJAYA,DIREKTUR,INDIVIDU
379,KARYA EMAS MULTISANI,KUSYADI,DIREKTUR UTAMA,INDIVIDU
380,KARYA EMAS MULTISANI,"GUNAWAN CHRISTIAN, YOHANES",DIREKTUR UTAMA,INDIVIDU
381,KARYA EMAS MULTISANI,SOENTOSA BUDI,DIREKTUR,INDIVIDU
382,KARYA EMAS MULTISANI,"RONNY GUNAWAN, YOHANES",KOMISARIS,INDIVIDU
383,FACIFIC DIPTAKARYA,HENDRAWAN SETIAWAN WONGSO,DIREKTUR,INDIVIDU
384,FACIFIC DIPTAKARYA,EKA WANGSA WIDJAYA,KOMISARIS,INDIVIDU
385,FACIFIC DIPTAKARYA,PTHERO PROGRES INTERNATIONAL,BADAN HUKUM,PERUSAHAAN
386,FACIFIC DIPTAKARYA,DALAI KOSIM KWOK,DIREKTUR UTAMA,INDIVIDU
387,SYNERGY MAJU BERSAMA,OCTAVIANY VITASARI,DIREKTUR UTAMA,INDIVIDU
388,SYNERGY MAJU BERSAMA,SENJA NIRWANA,DIREKTUR,INDIVIDU
389,SYNERGY MAJU BERSAMA,ANDY LIU,KOMISARIS,INDIVIDU
390,BANGKA TIMAH MAKMUR,LEOTIRTAYADI LIE,"Sekutu Aktif,Pengurus",INDIVIDU
391,BANGKA TIMAH MAKMUR,JUNAIDIN,"Sekutu Pasif,Pengurus",INDIVIDU
392,IRPAU HERO,EVY,Sekutu Pasif,INDIVIDU
393,IRPAU HERO,SUMI INDRAWATY,"Sekutu Aktif,Pengurus",INDIVIDU
394,IRPAU HERO,DALAI KOSIM KWOK,"Sekutu Aktif,Pengurus",INDIVIDU
395,STI BINA SEJAHTERA,PT SEIRAMA TIN INVESTMENT,BADAN HUKUM,PERUSAHAAN
396,STI BINA SEJAHTERA,TN. FERRY KAMARIUN,KOMISARIS,INDIVIDU
397,STI BINA SEJAHTERA,TN. ANTONIUS ROBERT,DIREKTUR,INDIVIDU
398,BELITUNG INDUSTRI SEJAHTERA,HERMAN PICAL,KOMISARIS,INDIVIDU
399,BELITUNG INDUSTRI SEJAHTERA,YOSE RIZAL RACHMAN,DIREKTUR UTAMA,INDIVIDU
400,BELITUNG INDUSTRI SEJAHTERA,SUSILO RIYANTO,DIREKTUR,INDIVIDU
401,BERKAT BERJAYA SEJAHTERA,PTARTHA CIPTA LANGGENG,BADAN HUKUM,PERUSAHAAN
402,BERKAT BERJAYA SEJAHTERA,TEGUH PAMUDJI YUSUF,DIREKTUR,INDIVIDU
403,BERKAT BERJAYA SEJAHTERA,TAN HENRY LISARDI,DIREKTUR UTAMA,INDIVIDU
404,BERKAT BERJAYA SEJAHTERA,MUHAMAD RUSYIDI,DIREKTUR,INDIVIDU
405,BERKAT BERJAYA SEJAHTERA,ISA MELKYZEDECK SUHARDIMAN,DIREKTUR,INDIVIDU
406,BERKAT BERJAYA SEJAHTERA,HENDRIK SUHARDIMAN,KOMISARIS,INDIVIDU
407,ARTHA PERSADA SEJAHTERA,HENDRIK SUHARDIMAN,KOMISARIS,INDIVIDU
408,ARTHA PERSADA SEJAHTERA,MUHAMAD RUSYIDI,DIREKTUR,INDIVIDU
409,ARTHA PERSADA SEJAHTERA,TAN HENRY LISARDI,DIREKTUR UTAMA,INDIVIDU
410,ARTHA PERSADA SEJAHTERA,TEGUH PAMUDJI YUSUF,DIREKTUR,INDIVIDU
411,ARTHA PERSADA SEJAHTERA,ISA MELKYZEDECK SUHARDIMAN,DIREKTUR,INDIVIDU
412,ARTHA PERSADA SEJAHTERA,PTARTHA CIPTA LANGGENG,BADAN HUKUM,PERUSAHAAN
413,MITRA STANIA KEMINGKING,PTMITRA STANIA PRIMA,BADAN HUKUM,PERUSAHAAN
414,MITRA STANIA KEMINGKING,CORNELIS SUHARYANTO,KOMISARIS,INDIVIDU
415,MITRA STANIA KEMINGKING,PTARSARI TAMBANG,BADAN HUKUM,PERUSAHAAN
416,MITRA STANIA KEMINGKING,"HARWENDRO ADITYO DEWANTO, S H",KOMISARIS UTAMA,INDIVIDU
417,MITRA STANIA KEMINGKING,ARYO P S DJOJOHADIKUSUMO,DIREKTUR UTAMA,INDIVIDU
418,MITRA STANIA KEMINGKING,IR JEFFREY KOUNANG,DIREKTUR,INDIVIDU
419,SEMESTA SURYA PERSADA,TEGUH PAMUDJI YUSUF,DIREKTUR,INDIVIDU
420,SEMESTA SURYA PERSADA,HENDRIK SUHARDIMAN,KOMISARIS,INDIVIDU
421,SEMESTA SURYA PERSADA,TAN HENRY LISARDI,DIREKTUR UTAMA,INDIVIDU
422,SEMESTA SURYA PERSADA,ISA MELKYZEDECK SUHARDIMAN,DIREKTUR,INDIVIDU
423,SEMESTA SURYA PERSADA,MUHAMAD RUSYIDI,DIREKTUR,INDIVIDU
424,SEMESTA SURYA PERSADA,PTARTHA CIPTA LANGGENG,BADAN HUKUM,PERUSAHAAN
425,JELAJAH MARINDO PERSADA,M.BAMBANG DJOYO SAPUTRO,KOMISARIS,INDIVIDU
426,JELAJAH MARINDO PERSADA,BISTOK HUTAPEA,DIREKTUR,INDIVIDU
427,JELAJAH MARINDO PERSADA,PTSARANA MARINDO,BADAN HUKUM,PERUSAHAAN
428,KARUNIA ANUGERAH ALAM,IR. AMIR PHENDY,BADAN HUKUM,PERUSAHAAN
429,KARUNIA ANUGERAH ALAM,HILMI ELGHIFARI,KOMISARIS,INDIVIDU
430,KARUNIA ANUGERAH ALAM,MUSLIM BASIR,DIREKTUR,INDIVIDU
431,KARUNIA ANUGERAH ALAM,PTTRACO INDOTAMA MANDIRI,BADAN HUKUM,PERUSAHAAN
432,KARUNIA ANUGERAH ALAM,IRVAN,BADAN HUKUM,PERUSAHAAN
433,MITRA GAPURA MANDIRI SEJAHTERA,MUH SIGIT PRASETYA,KOMISARIS,INDIVIDU
434,MITRA GAPURA MANDIRI SEJAHTERA,PTDUAPILAR SELARAS MAJU,BADAN HUKUM,PERUSAHAAN
435,MITRA GAPURA MANDIRI SEJAHTERA,LALU ISWANDI,DIREKTUR,INDIVIDU
436,MITRA GAPURA MANDIRI SEJAHTERA,PTMITRA GAPURA MANDIRI,BADAN HUKUM,PERUSAHAAN
437,IKHWAH,SIENTJE JULIANA,Sekutu Pasif,INDIVIDU
438,IKHWAH,MUNADI TANTRA,Sekutu Pasif,INDIVIDU
439,IKHWAH,ACHMAD BAIJURI,"Sekutu Aktif,Pengurus",INDIVIDU
440,HARAPAN MUDA PERKASA,YONG KIE,KOMISARIS UTAMA,INDIVIDU
441,HARAPAN MUDA PERKASA,ROBI,KOMISARIS,INDIVIDU
442,HARAPAN MUDA PERKASA,CANDRA,DIREKTUR,INDIVIDU
443,MASBRO ALAM STANIA,IRVAN,DIREKTUR,INDIVIDU
444,MASBRO ALAM STANIA,MUSLIM BASIR,KOMISARIS,INDIVIDU
445,MASBRO ALAM STANIA,IR. AMIR PHENDY,KOMISARIS,INDIVIDU
446,MASBRO ALAM STANIA,PTTRACO INDOTAMA MANDIRI,BADAN HUKUM,PERUSAHAAN
447,MASBRO ALAM STANIA,CHANDRA SOELISTIO,DIREKTUR,INDIVIDU
448,FENG LI MINERAL ABADI,LASUWA,KOMISARIS,INDIVIDU
449,FENG LI MINERAL ABADI,RONY LIE,DIREKTUR,INDIVIDU
450,IRPAU HERO PROGRES,IRWAN SANTOSO,DIREKTUR UTAMA,INDIVIDU
451,IRPAU HERO PROGRES,DALAI KOSIM KWOK,KOMISARIS,INDIVIDU
452,IRPAU HERO PROGRES,REZKY TRIOSAPUTRA,DIREKTUR,INDIVIDU
453,AGUNG SANGUN JAYA,LUNA SUMATRA,Sekutu Pasif,INDIVIDU
454,AGUNG SANGUN JAYA,INDRA LIE,"Sekutu Aktif,Pengurus",INDIVIDU
455,KAOLIN BELITUNG UTAMA,Rachman Hakim,PRESIDEN DIREKTUR,INDIVIDU
456,KAOLIN BELITUNG UTAMA,PTAlter Abadi Tbk,BADAN HUKUM,PERUSAHAAN
457,KAOLIN BELITUNG UTAMA,PTKaolindo Sakti Perkasa,BADAN HUKUM,PERUSAHAAN
458,KAOLIN BELITUNG UTAMA,Andry Hakim,DIREKTUR,INDIVIDU
459,KAOLIN BELITUNG UTAMA,Jefry Hakim,PRESIDEN KOMISARIS,INDIVIDU
460,KAOLIN BELITUNG UTAMA,Leny Hakim,KOMISARIS,INDIVIDU
461,NIPPINDO KAOLIN ABADI,MEITJE KUSNADI,KOMISARIS,INDIVIDU
462,NIPPINDO KAOLIN ABADI,PTAlter Abadi Tbk,BADAN HUKUM,PERUSAHAAN
463,NIPPINDO KAOLIN ABADI,PTKaolin Belitung Utama,BADAN HUKUM,PERUSAHAAN
464,NIPPINDO KAOLIN ABADI,RACHMAN HAKIM,PRESIDEN DIREKTUR,INDIVIDU
465,NIPPINDO KAOLIN ABADI,JEFRY HAKIM,DIREKTUR,INDIVIDU
466,NIPPINDO KAOLIN ABADI,LENY HAKIM,PRESIDEN KOMISARIS,INDIVIDU
467,NIPPINDO KAOLIN ABADI,HARI SOEMANTO,DIREKTUR,INDIVIDU
468,TAMBANG JAYA INDAH,PTALDMIC BARA INDONESIA,BADAN HUKUM,PERUSAHAAN
469,TAMBANG JAYA INDAH,H YAZID FANANI,KOMISARIS,INDIVIDU
470,TAMBANG JAYA INDAH,VALENTINO,DIREKTUR,INDIVIDU
471,SRIYUDI LITAJAYA,RENDY VIRNANTO WIJAYA,"Sekutu Aktif,Pengurus",INDIVIDU
472,SRIYUDI LITAJAYA,ELVY WIJAYA,Sekutu Pasif,INDIVIDU
473,XINRUN SUKSES INTERNASIONAL,WEIDRI,DIREKTUR,INDIVIDU
474,XINRUN SUKSES INTERNASIONAL,SANTI WIJAYA,DIREKTUR UTAMA,INDIVIDU
475,XINRUN SUKSES INTERNASIONAL,RYSKA LISMITA,KOMISARIS,INDIVIDU
476,MINERAL PUTRA BELITUNG MANDIRI,NOVA SETIAWAN,DIREKTUR,INDIVIDU
477,MINERAL PUTRA BELITUNG MANDIRI,BUDI WIJAYA,KOMISARIS,INDIVIDU
478,SUMBER ALAM ANTARNUSA,DOKTORANDUS MANGATAS SITORUS,DIREKTUR,INDIVIDU
479,SUMBER ALAM ANTARNUSA,VIRELDA LETANIA,DIREKTUR UTAMA,INDIVIDU
480,SUMBER ALAM ANTARNUSA,BUDI WIJAYA,KOMISARIS,INDIVIDU
481,BANGKA MINERAL ABADI,PTBERJAYA BERSAMA KAWAN,BADAN HUKUM,PERUSAHAAN
482,BANGKA MINERAL ABADI,RUDY ARYADI,BADAN HUKUM,PERUSAHAAN
483,BANGKA MINERAL ABADI,MUNI YANDONI,DIREKTUR UTAMA,INDIVIDU
484,BANGKA MINERAL ABADI,PTTAMBANG WANCHENG INDONESIA,BADAN HUKUM,PERUSAHAAN
485,BANGKA MINERAL ABADI,ABDULLAH,KOMISARIS,INDIVIDU
486,BANGKA MINERAL ABADI,RIDUAN,DIREKTUR,INDIVIDU
487,CINTA MAPUR INDONESIA,WILLIAN,KOMISARIS,INDIVIDU
488,CINTA MAPUR INDONESIA,PT MITRA PERSADA RESOURCES,BADAN HUKUM,PERUSAHAAN
489,CINTA MAPUR INDONESIA,IWAN,DIREKTUR,INDIVIDU
490,HERO CERAMAS,HERU TRIANTO,KOMISARIS,INDIVIDU
491,HERO CERAMAS,VERLY REINALDO SAPUTRA,DIREKTUR,INDIVIDU
492,BUMI SENTOSA PROGRESS,WONG HANNES SETIAWAN WONGSO,DIREKTUR,INDIVIDU
493,BUMI SENTOSA PROGRESS,HENDRAWAN SETIAWAN WONGSO,KOMISARIS,INDIVIDU
494,KARYA MELATI BELITONG,NASKAFA TJHIN,KOMISARIS UTAMA,INDIVIDU
495,KARYA MELATI BELITONG,HAWI ERTANTO,KOMISARIS,INDIVIDU
496,KARYA MELATI BELITONG,SEMAN,DIREKTUR,INDIVIDU
497,SINAR LOGINDO ALAM,CANDRA PRAWIRA,DIREKTUR,INDIVIDU
498,SINAR LOGINDO ALAM,HENDRY LIE,KOMISARIS,INDIVIDU
499,SINAR LOGINDO ALAM,PT SUMBER LOGINDO ALAM,BADAN HUKUM,PERUSAHAAN
500,SINAR LOGINDO ALAM,STEVANUS TRI DARMA,DIREKTUR,INDIVIDU
501,SINAR LOGINDO ALAM,APIK CHAKIB RASJIDI,DIREKTUR UTAMA,INDIVIDU
502,PARIT MUJUR SEJAHTERA,PT ZHONGTIAN NEW ENERGY INDONESIA,BADAN HUKUM,PERUSAHAAN
503,PARIT MUJUR SEJAHTERA,ZHANG ZHENWEN,KOMISARIS,INDIVIDU
504,PARIT MUJUR SEJAHTERA,WEN XIANLU,DIREKTUR UTAMA,INDIVIDU
505,PARIT MUJUR SEJAHTERA,TOMY GUNAWAN,DIREKTUR,INDIVIDU
506,PRIMA ZIRCON MINERAL,PT PRIMA JAYA MINERAL,BADAN HUKUM,PERUSAHAAN
507,PRIMA ZIRCON MINERAL,PT MINERAL JAYA PERSADA,BADAN HUKUM,PERUSAHAAN
508,PRIMA ZIRCON MINERAL,PT MARSHINDO BUMI MINERAL,BADAN HUKUM,PERUSAHAAN
509,PRIMA ZIRCON MINERAL,TANTIONO,KOMISARIS,INDIVIDU
510,PRIMA ZIRCON MINERAL,MARSHELLE SUNJOTO,DIREKTUR,INDIVIDU
511,BINTANG MAJU RAHARJA,TEDDY HARTONO SETIAWAN,DIREKTUR,INDIVIDU
512,BINTANG MAJU RAHARJA,"LIANAYANTI ATMAJA, LIEM",KOMISARIS UTAMA,INDIVIDU
513,BINTANG MAJU RAHARJA,RICHARD CHANDRA,KOMISARIS,INDIVIDU
514,BINTANG DELAPAN ENAM,KIDAM,KOMISARIS,INDIVIDU
515,BINTANG DELAPAN ENAM,EDDY,DIREKTUR,INDIVIDU
516,BINTANG DELAPAN ENAM,TONY HARSONO,KOMISARIS,INDIVIDU
517,BINTANG DELAPAN ENAM,YONATAN DANCA ADANARIANTO,DIREKTUR UTAMA,INDIVIDU
518,BINTANG DELAPAN ENAM,Doktorandus ANTON WAHONO,KOMISARIS UTAMA,INDIVIDU
519,HERO PROGRES INTERNATIONAL,CYNILA MARGARETHA,KOMISARIS,INDIVIDU
520,HERO PROGRES INTERNATIONAL,PAUZI JUNIARTO,DIREKTUR,INDIVIDU
521,SANDEIR SETIA BROTHERS,IRWAN SANTOSO,KOMISARIS,INDIVIDU
522,SANDEIR SETIA BROTHERS,WONG HANNES SW (WONG HANNES SETIAWAN WONGSO),KOMISARIS,INDIVIDU
523,SANDEIR SETIA BROTHERS,REZKY TRIOSAPUTRA,DIREKTUR,INDIVIDU
524,HPM BELTIM,SIENTJE JULIANA,Sekutu Pasif,INDIVIDU
525,HPM BELTIM,TEMMY NJOTO DJANGGONO,Sekutu Pasif,INDIVIDU
526,HPM BELTIM,MUNADI TANTRA,Sekutu Pasif,INDIVIDU
527,HPM BELTIM,ACHMAD BAIJURI,"Sekutu Aktif,Pengurus",INDIVIDU
528,BERSATU BANGUN PERTIWI,IRWAN SANTOSO,Sekutu Pasif,INDIVIDU
529,BERSATU BANGUN PERTIWI,HERU TRIANTO,"Sekutu Aktif,Pengurus",INDIVIDU
530,PUTRA MAJU KAMEX,HERU TRIANTO,"Sekutu Aktif,Pengurus",INDIVIDU
531,BERSAHAJA BERKAT SAHABAT JAYA,PTMERDEKA BERSAMA JAYA,BADAN HUKUM,PERUSAHAAN
532,BERSAHAJA BERKAT SAHABAT JAYA,NJO HENDWI WIJAYA,KOMISARIS UTAMA,INDIVIDU
533,BERSAHAJA BERKAT SAHABAT JAYA,KASMAN,KOMISARIS,INDIVIDU
534,BERSAHAJA BERKAT SAHABAT JAYA,KADAR HERARIES OPUTRA,KOMISARIS,INDIVIDU
535,BERSAHAJA BERKAT SAHABAT JAYA,PTSUWARNA SANTIKA WIJAYA,BADAN HUKUM,PERUSAHAAN
536,BERSAHAJA BERKAT SAHABAT JAYA,PTKSATRIA INDONESIA EMAS,BADAN HUKUM,PERUSAHAAN
537,BERSAHAJA BERKAT SAHABAT JAYA,ARBI LEO,DIREKTUR UTAMA,INDIVIDU
538,BERSAHAJA BERKAT SAHABAT JAYA,JIMMY,DIREKTUR,INDIVIDU
539,SINAR INDAH SELARAS,KARDI DJAJA,KOMISARIS,INDIVIDU
540,SINAR INDAH SELARAS,HARIYANTO,DIREKTUR,INDIVIDU
541,ALDITA KWARSAINDO MAKMUR,ALDITA PUTRI WIBOWO,KOMISARIS,INDIVIDU
542,ALDITA KWARSAINDO MAKMUR,TAUFIK HIDAYAT,KOMISARIS UTAMA,INDIVIDU
543,ALDITA KWARSAINDO MAKMUR,YUDIANTO,DIREKTUR,INDIVIDU
544,ALDITA KWARSAINDO MAKMUR,AGUSSALIM BAKRI,DIREKTUR,INDIVIDU
545,ALDITA KWARSAINDO MAKMUR,A. RACHMAN,DIREKTUR UTAMA,INDIVIDU
546,SILICA JAYA SEJAHTERA,YONG KIE,Sekutu Pasif,INDIVIDU
547,SILICA JAYA SEJAHTERA,ROBI,"Sekutu Aktif,Pengurus",INDIVIDU
548,GUNUNG LEBAK,HERY HADIANTO SADELY,"Sekutu Aktif,Pengurus",INDIVIDU
549,GUNUNG LEBAK,TEDDY HANDOKO SADELY,"Sekutu Pasif,Pengurus",INDIVIDU
550,SILICA JAYA,YONG KIE,Sekutu Pasif,INDIVIDU
551,SILICA JAYA,ROBI,"Sekutu Aktif,Pengurus",INDIVIDU
552,SEJAHTERA MINERAL BABEL,DIAN YULITA PUTRI,"Sekutu Pasif,Pengurus",INDIVIDU
553,SEJAHTERA MINERAL BABEL,RECSON,"Sekutu Aktif,Pengurus",INDIVIDU
554,SEJAHTERA MINERAL BABEL,ARTATI MATONDANG,"Sekutu Aktif,Pengurus",INDIVIDU
555,KARYA PUTERA BANGKA BELITUNG,XUE JUN,DIREKTUR UTAMA,INDIVIDU
556,KARYA PUTERA BANGKA BELITUNG,SELFIA OTAVIA,KOMISARIS,INDIVIDU
557,KARYA PUTERA BANGKA BELITUNG,SOETISNA,DIREKTUR,INDIVIDU
558,BELITUNG SAND MINING,JULIUS CHANDRA,DIREKTUR,INDIVIDU
559,BELITUNG SAND MINING,FRIOKY WIRGATAMA,KOMISARIS UTAMA,INDIVIDU
560,BELITUNG SAND MINING,DRS. SYAFEI AKSAL,KOMISARIS,INDIVIDU
561,BELITUNG SAND MINING,BENNY ANDREA,DIREKTUR,INDIVIDU
562,BELITUNG SAND MINING,PT PELAYARAN TANJUNGBAHARI PERKASA,BADAN HUKUM,PERUSAHAAN
563,SAMIARTHA SUKSES ABADI,ANDRI,DIREKTUR,INDIVIDU
564,SAMIARTHA SUKSES ABADI,FERIANDY SUHENDRA,KOMISARIS,INDIVIDU
565,SAMIARTHA SUKSES ABADI,DRA. YANA DJULIA SUHENDRA,DIREKTUR UTAMA,INDIVIDU
566,SAMIARTHA SUKSES ABADI,"NOER TRITJAHJA PRAWIRO PERMONO, MBA",KOMISARIS UTAMA,INDIVIDU
567,PSR MUTIARA ABADI,LENI,KOMISARIS,INDIVIDU
568,PSR MUTIARA ABADI,JAMES LOUIS,DIREKTUR,INDIVIDU
569,BANGKA SAMUDRA PRATAMA,UJANG SUKARNAEN,"Sekutu Aktif,Pengurus",INDIVIDU
570,BANGKA SAMUDRA PRATAMA,DJOHAN RIDUAN HASAN,Sekutu Pasif,INDIVIDU
571,BANGKA SAMUDRA PRATAMA,KIM SEN,Sekutu Pasif,INDIVIDU
572,BANGKA SAMUDRA PRATAMA,TN. IR. DJOHAN RIDUAN HASAN,KOMISARIS UTAMA,INDIVIDU
573,BANGKA SAMUDRA PRATAMA,NY. LENI,KOMISARIS,INDIVIDU
574,BANGKA SAMUDRA PRATAMA,TN. MARTHIN GIRSANG,KOMISARIS,INDIVIDU
575,BANGKA SAMUDRA PRATAMA,TN. AZHARI,KOMISARIS,INDIVIDU
576,BANGKA SAMUDRA PRATAMA,TN. UJANG SUKARNAEN,DIREKTUR,INDIVIDU
577,SARANA SUKA PRIMA,"RUDY HARTONO,S.E,AK","Sekutu Aktif,Pengurus",INDIVIDU
578,SARANA SUKA PRIMA,EMMANUEL KRETAPRADHANA,"Sekutu Pasif,Pengurus",INDIVIDU
579,SARANA SUKA PRIMA,ARMIA IBRAHIM,"Sekutu Pasif,Pengurus",INDIVIDU
580,SARANA SUKA PRIMA,SUPENDI IBRAHIM,"Sekutu Aktif,Pengurus",INDIVIDU
581,SARANA SUKA PRIMA,DRS. MICHAEL D. PRIMANTO,"Sekutu Pasif,Pengurus",INDIVIDU
582,MUTIARA LAUTAN BANGKA,WELLY YULIUS,DIREKTUR,INDIVIDU
583,MUTIARA LAUTAN BANGKA,DJOHAN RIDUAN HASAN,KOMISARIS,INDIVIDU
584,MUALIM PUTRA PRATAMA,"HALIM ANTAWIRA HERMANTO, SH",DIREKTUR UTAMA,INDIVIDU
585,MUALIM PUTRA PRATAMA,ADI SANTOSO,KOMISARIS UTAMA,INDIVIDU
586,MUALIM PUTRA PRATAMA,MU KUEI KUO,DIREKTUR,INDIVIDU
587,MUALIM PUTRA PRATAMA,TENGKU ISMAIL,DIREKTUR,INDIVIDU
588,MUALIM PUTRA PRATAMA,ARIF SANTOSO,KOMISARIS,INDIVIDU
589,PUTRAPRIMA MINERAL MANDIRI,POLTAK SILITONGA,DIREKTUR,INDIVIDU
590,PUTRAPRIMA MINERAL MANDIRI,OSKAR,KOMISARIS,INDIVIDU
591,PUTRAPRIMA MINERAL MANDIRI,GANJAR JATMIKO,DIREKTUR,INDIVIDU
592,PUTRAPRIMA MINERAL MANDIRI,MUHAMMAD KUNCORO CANDRA WINATA,KOMISARIS UTAMA,INDIVIDU
593,PUTRAPRIMA MINERAL MANDIRI,HUANG DONGXIAN,DIREKTUR,INDIVIDU
594,PUTRAPRIMA MINERAL MANDIRI,"HALIM ANTAWIRA HERMANTO, SH",DIREKTUR UTAMA,INDIVIDU
595,PUTRAPRIMA MINERAL MANDIRI,PTTRI MANUNGGAL SENTOSA,BADAN HUKUM,PERUSAHAAN
596,PUTRAPRIMA MINERAL MANDIRI,"TJHIN JOEN SEN, ST",DIREKTUR,INDIVIDU
597,PUTRAPRIMA MINERAL MANDIRI,ADI SANTOSO,DIREKTUR,INDIVIDU
598,KARUNIA SEMESTA BERSAMA,KURNYATJAN SAKTI EFENDIE,"Sekutu Aktif,Pengurus",INDIVIDU
599,KARUNIA SEMESTA BERSAMA,NICKOLAS TJAN SAKTI EFENDIE,"Sekutu Pasif,Pengurus",INDIVIDU
600,SWAMININDO SENTOSA ABADI,RIKI CUNNARDY,KOMISARIS,INDIVIDU
601,SWAMININDO SENTOSA ABADI,HENDRO,KOMISARIS UTAMA,INDIVIDU
602,SWAMININDO SENTOSA ABADI,FERA,DIREKTUR,INDIVIDU
603,ADARA JALA SAMUDERA,HERYANTO,KOMISARIS,INDIVIDU
604,ADARA JALA SAMUDERA,NI MADE DEWI WULANDARI,KOMISARIS UTAMA,INDIVIDU
605,ADARA JALA SAMUDERA,I PUTU BAYU WIRA KUSUMA WIJAYA,DIREKTUR,INDIVIDU
606,LAUTAN CAHAYA SILICA,DJOHAN RIDUAN HASAN,KOMISARIS,INDIVIDU
607,LAUTAN CAHAYA SILICA,UJANG SUKARNAEN,DIREKTUR,INDIVIDU
608,SILICA LAUTAN MUTIARA,DJOHAN RIDUAN HASAN,KOMISARIS,INDIVIDU
609,SILICA LAUTAN MUTIARA,JAMES LOUIS,DIREKTUR,INDIVIDU
610,BANGKA CIPTA PRATAMA,KARMANTO,DIREKTUR,INDIVIDU
611,BANGKA CIPTA PRATAMA,IRWIN SAHRONI,DIREKTUR,INDIVIDU
612,BANGKA CIPTA PRATAMA,Tuan CANDRA,KOMISARIS,INDIVIDU
613,PUTERA SUKSES MINERAL,ABDURRAHMAN,DIREKTUR,INDIVIDU
614,PUTERA SUKSES MINERAL,MICHAEL,KOMISARIS,INDIVIDU
615,PUTERA SUKSES MINERAL,KHARIM NUGROHO SYAMSUDDIN,KOMISARIS,INDIVIDU
616,KAOLINDO BANGKA SEJAHTRA,JOHNNY BUNTORO,DIREKTUR,INDIVIDU
617,KAOLINDO BANGKA SEJAHTRA,FO RIE,KOMISARIS,INDIVIDU
618,MEGA ALAM MAKMUR,JUNAIDI M. TAMIN (JUNAIDI MUHAMMAD TAMIN),DIREKTUR,INDIVIDU
619,MEGA ALAM MAKMUR,RUDI TJINDRA TJHAI,KOMISARIS,INDIVIDU
620,MEGA ALAM MAKMUR,JAI KUMAR DAYARAM A (JAI KUMAR DAYARAM ALIMCHANDANI),DIREKTUR UTAMA,INDIVIDU
621,BELITUNG JAYA GEMILANG,VIRELDA LETANIA,DIREKTUR,INDIVIDU
622,BELITUNG JAYA GEMILANG,BUDI WIJAYA,KOMISARIS,INDIVIDU
623,BELITUNG JAYA GEMILANG,TEDY WIDODO,DIREKTUR,INDIVIDU
624,BELITUNG JAYA GEMILANG,BONG ELVAN HAMZAH,DIREKTUR UTAMA,INDIVIDU
625,HASIL ALAM SUKSES PRATAMA,KIKI HENDRA,DIREKTUR,INDIVIDU
626,HASIL ALAM SUKSES PRATAMA,YOVIANUS,KOMISARIS,INDIVIDU
627,HASIL ALAM SUKSES PRATAMA,SIGIT,DIREKTUR,INDIVIDU
628,HASIL ALAM SUKSES PRATAMA,LEO ARIWIBOWO,DIREKTUR UTAMA,INDIVIDU
629,HASIL ALAM SUKSES PRATAMA,SAKSONO BOENJAMIN,DIREKTUR UTAMA,INDIVIDU
630,HASIL ALAM SUKSES PRATAMA,DAVID EFFENDY,DIREKTUR UTAMA,INDIVIDU
631,SATUNUSA CAKRA MINERAL,MALVIN MULJADI,DIREKTUR,INDIVIDU
632,SATUNUSA CAKRA MINERAL,ERNI HAKIM,KOMISARIS,INDIVIDU
633,ADITYA BUANA INTER,HENGKY PRASETYO,KOMISARIS,INDIVIDU
634,ADITYA BUANA INTER,DODY PRASETYO,DIREKTUR,INDIVIDU
635,BERKAH SUMBER ALAM,CHRISTOPHER STEPHENSON,DIREKTUR,INDIVIDU
636,BERKAH SUMBER ALAM,JOHANES MULIA,DIREKTUR,INDIVIDU
637,BERKAH SUMBER ALAM,SURYANI ALIMAN,KOMISARIS,INDIVIDU
638,CAHAYA SURYA TIMAH INDOTAMA,RICO SUBRATA,KOMISARIS,INDIVIDU
639,CAHAYA SURYA TIMAH INDOTAMA,"DESTIAN FAZRI AMALDI, S.M",DIREKTUR,INDIVIDU
640,CAHAYA SURYA TIMAH INDOTAMA,PT SINAR TIMAH BELITUNG,BADAN HUKUM,PERUSAHAAN
641,CAHAYA SURYA TIMAH INDOTAMA,PT CAHAYA TIMAH GLOBAL MULIA,BADAN HUKUM,PERUSAHAAN
642,CAHAYA SURYA TIMAH INDOTAMA,MAHJUDIN MULIA,DIREKTUR UTAMA,INDIVIDU
643,KIAN SUKSES MANDIRI,TN. SUGIANTO NG,DIREKTUR,INDIVIDU
644,KIAN SUKSES MANDIRI,TN. NICO GULTOM,KOMISARIS,INDIVIDU
645,KIAN SUKSES MANDIRI,TN. BUYUNG EKA SANJAYA,DIREKTUR UTAMA,INDIVIDU
646,STEPA WIRAUSAHA ADIGUNA,YUSRI LESTARI,DIREKTUR UTAMA,INDIVIDU
647,STEPA WIRAUSAHA ADIGUNA,TEDDY WIJAYA,KOMISARIS,INDIVIDU
648,STEPA WIRAUSAHA ADIGUNA,TJHIN DJOEN PO,KOMISARIS,INDIVIDU
649,STEPA WIRAUSAHA ADIGUNA,HERMAN YUNUS,KOMISARIS,INDIVIDU
650,STEPA WIRAUSAHA ADIGUNA,HARIYANTO LIM,DIREKTUR,INDIVIDU
651,STEPA WIRAUSAHA ADIGUNA,BUDI SISWANTO LIE,KOMISARIS UTAMA,INDIVIDU
652,SETIA MAJU PRATAMA,TEDDY HARTONO SETIAWAN,DIREKTUR,INDIVIDU
653,SETIA MAJU PRATAMA,RICHARD CHANDRA,KOMISARIS,INDIVIDU
654,SETIA MAJU PRATAMA,"LIANAYANTI ATMAJA, LIEM",KOMISARIS UTAMA,INDIVIDU
655,INDO TIMAH SUKSES SAMPOERNA,WONGWA GROHO,DIREKTUR UTAMA,INDIVIDU
656,INDO TIMAH SUKSES SAMPOERNA,HERMAN PICAL,KOMISARIS,INDIVIDU
657,INDO TIMAH SUKSES SAMPOERNA,MAHJUDIN MULIA,DIREKTUR,INDIVIDU
658,INDO TIMAH SUKSES SAMPOERNA,PT CAHAYA TIMAH BELITUNG JAYA,BADAN HUKUM,PERUSAHAAN
659,INDO TIMAH SUKSES SAMPOERNA,PT CAHAYA SURYA TIMAH INDOTAMA,BADAN HUKUM,PERUSAHAAN
660,INDO TIMAH SUKSES SAMPOERNA,PT BELITUNG INDUSTRI SEJAHTERA,BADAN HUKUM,PERUSAHAAN
661,WIJAYA MANDIRI TEKNIK KREASI,AMADEUS SOEROSO,BADAN HUKUM,PERUSAHAAN
662,WIJAYA MANDIRI TEKNIK KREASI,MELANNY,KOMISARIS,INDIVIDU
663,WIJAYA MANDIRI TEKNIK KREASI,EMILIANUS SOEROSO,DIREKTUR,INDIVIDU
664,HORIZON ENERGI NUSANTARA,WAHYU,KOMISARIS,INDIVIDU
665,HORIZON ENERGI NUSANTARA,ERIK PRAWIRO,DIREKTUR,INDIVIDU
666,AMIN MAKMUR BERSAMA,RULI SATIA NUGRAHA,DIREKTUR UTAMA,INDIVIDU
667,AMIN MAKMUR BERSAMA,MICHAEL,DIREKTUR,INDIVIDU
668,AMIN MAKMUR BERSAMA,MUHAMAD AMIN,KOMISARIS,INDIVIDU
669,GARUDA BELITONG BEREHUN,"EDI NASAPTA, S.M","Sekutu Aktif,Pengurus",INDIVIDU
670,GARUDA BELITONG BEREHUN,"AGUS HERO PLANETTO, S.SOS",Sekutu Pasif,INDIVIDU
671,LUDAI GEDE BILITONITE,PTDELI COAL,BADAN HUKUM,PERUSAHAAN
672,LUDAI GEDE BILITONITE,ANTONIUS FERRY BASTIAN,KOMISARIS,INDIVIDU
673,LUDAI GEDE BILITONITE,PO KWANG,DIREKTUR,INDIVIDU
674,ASIA POWER SEJAHTERA,DAVID DJURAH,DIREKTUR,INDIVIDU
675,ASIA POWER SEJAHTERA,CHEN. QIUQUAN,KOMISARIS,INDIVIDU
676,ASIA POWER SEJAHTERA,TAHIR ISKANDAR,DIREKTUR UTAMA,INDIVIDU
677,ASIA POWER SEJAHTERA,WU. KAIXUE,DIREKTUR,INDIVIDU
678,MITRA STANIA BEMBAN,PTARSARI TAMBANG,BADAN HUKUM,PERUSAHAAN
679,MITRA STANIA BEMBAN,CORNELIS SUHARYANTO,KOMISARIS,INDIVIDU
680,MITRA STANIA BEMBAN,PTMITRA STANIA PRIMA,BADAN HUKUM,PERUSAHAAN
681,MITRA STANIA BEMBAN,"HARWENDRO ADITYO DEWANTO, S H",KOMISARIS UTAMA,INDIVIDU
682,MITRA STANIA BEMBAN,ARYO P S DJOJOHADIKUSUMO,DIREKTUR UTAMA,INDIVIDU
683,MITRA STANIA BEMBAN,IR JEFFREY KOUNANG,DIREKTUR,INDIVIDU
684,SINAR TIMAH BELITUNG,HERMAN PICAL,KOMISARIS,INDIVIDU
685,SINAR TIMAH BELITUNG,MAHJUDIN MULIA,DIREKTUR,INDIVIDU
686,SINAR TIMAH BELITUNG,WONGWA GROHO,DIREKTUR UTAMA,INDIVIDU
687,SINAR TIMAH BELITUNG,PTCAHAYA TIMAH GLOBAL MULIA,BADAN HUKUM,PERUSAHAAN
688,SINAR TIMAH BELITUNG,PTBELITUNG INDUSTRI SEJAHTERA,BADAN HUKUM,PERUSAHAAN
689,MITRA GAPURA MANDIRI,PTDWIJAYA MAJU BERSAMA,BADAN HUKUM,PERUSAHAAN
690,MITRA GAPURA MANDIRI,PTDUAPILAR SELARAS MAJU,BADAN HUKUM,PERUSAHAAN
691,MITRA GAPURA MANDIRI,MUH SIGIT PRASETYA,KOMISARIS,INDIVIDU
692,MITRA GAPURA MANDIRI,LALU ISWANDI,DIREKTUR,INDIVIDU
693,SAMPOERNA TIMAH NUSANTARA,MAHJUDIN MULIA,DIREKTUR,INDIVIDU
694,SAMPOERNA TIMAH NUSANTARA,WONGWA GROHO,DIREKTUR UTAMA,INDIVIDU
695,SAMPOERNA TIMAH NUSANTARA,HERMAN PICAL,KOMISARIS,INDIVIDU
696,SAMPOERNA TIMAH NUSANTARA,PT CAHAYA SURYA TIMAH INDOTAMA,BADAN HUKUM,PERUSAHAAN
697,SAMPOERNA TIMAH NUSANTARA,PT CAHAYA TIMAH BELITUNG JAYA,BADAN HUKUM,PERUSAHAAN
698,SAMPOERNA TIMAH NUSANTARA,PT BELITUNG INDUSTRI SEJAHTERA,BADAN HUKUM,PERUSAHAAN
699,ALBETA SUKSES MAKMUR,WILLYANTO,DIREKTUR,INDIVIDU
700,ALBETA SUKSES MAKMUR,RICHARD CHANDRA,DIREKTUR UTAMA,INDIVIDU
701,ALBETA SUKSES MAKMUR,GUNAWAN,KOMISARIS,INDIVIDU
702,SUKA JAYA BERSAMA,EMMANUEL KRETAPRADHANA,DIREKTUR,INDIVIDU
703,SUKA JAYA BERSAMA,AL KODRI RAMADHAN,KOMISARIS,INDIVIDU
704,SUKA JAYA BERSAMA,DRS. MICHAEL D.PRIMANTO,KOMISARIS UTAMA,INDIVIDU
705,SUKA JAYA BERSAMA,SUPENDI IBRAHIM,DIREKTUR UTAMA,INDIVIDU
706,WIRA BUANA SEJAHTERA,DICKY FERNANDO LU,KOMISARIS,INDIVIDU
707,WIRA BUANA SEJAHTERA,TJONG BURHAN FRIADY,DIREKTUR,INDIVIDU
708,BERKAH BERMUDA ENERGI,DEVI INDAH SARI,DIREKTUR,INDIVIDU
709,BERKAH BERMUDA ENERGI,LUKMAN,KOMISARIS,INDIVIDU
710,BERKAH BERMUDA ENERGI,RUSBANI,KOMISARIS UTAMA,INDIVIDU
711,BERKAH BERMUDA ENERGI,ACHMAD YUSUF,DIREKTUR,INDIVIDU
712,MITRA BUMI UTAMA,ARIES KENCANA SEJAHTERA,BADAN HUKUM,PERUSAHAAN
713,MITRA BUMI UTAMA,ARTHUR EVANDO,DIREKTUR,INDIVIDU
714,MITRA BUMI UTAMA,"SHERLY WANTO, SE",DIREKTUR,INDIVIDU
715,MITRA BUMI UTAMA,ALWIN CIPTO CIPUTRA,DIREKTUR,INDIVIDU
716,MITRA BUMI UTAMA,DAVID EFFENDY,KOMISARIS,INDIVIDU
717,PANDU BELITUNG MAKMUR,ERWIN GAUTAMA,"Sekutu Aktif,Pengurus",INDIVIDU
718,PANDU BELITUNG MAKMUR,EDO ARYA PRATAMA,"Sekutu Aktif,Pengurus",INDIVIDU
719,PANDU BELITUNG MAKMUR,APRIYANTI,Sekutu Pasif,INDIVIDU
720,MINERAL BANGKA SEJATI,HARTO GUNAWAN,KOMISARIS,INDIVIDU
721,MINERAL BANGKA SEJATI,NOORANI HANDARA SUKARDI,KOMISARIS UTAMA,INDIVIDU
722,MINERAL BANGKA SEJATI,KENNY DESINTA S,DIREKTUR,INDIVIDU
723,MINERAL BANGKA SEJATI,OKTA ROMIYANTO,DIREKTUR,INDIVIDU
724,MINERAL BANGKA SEJATI,BENNY VERSIKA,DIREKTUR,INDIVIDU
725,ARVENTA KARYA GEMILANG,SRI WIYATI,DIREKTUR,INDIVIDU
726,ARVENTA KARYA GEMILANG,JESSICA ARDEN,KOMISARIS,INDIVIDU
727,KEMILAU KUARSA PERDANA,"SURYA BATARA KARTIKA, ST.",KOMISARIS,INDIVIDU
728,KEMILAU KUARSA PERDANA,HENDRA KUSUMAH,KOMISARIS,INDIVIDU
729,KEMILAU KUARSA PERDANA,RUSDIANTO,DIREKTUR,INDIVIDU
730,KEMILAU KUARSA PERDANA,SRI HARMONIS,DIREKTUR UTAMA,INDIVIDU
731,YUDHANTARA AMANAH BERSATU,ZAINUDDIN,KOMISARIS,INDIVIDU
732,YUDHANTARA AMANAH BERSATU,EDDY KASDIANTO,DIREKTUR,INDIVIDU
733,YUDHANTARA AMANAH BERSATU,LIE KHIUN,KOMISARIS,INDIVIDU
734,YUDHANTARA AMANAH BERSATU,YUSPINA,KOMISARIS,INDIVIDU
735,SEJAHTERA UTAMA PRIMA,SARJONO SUTRISNO,KOMISARIS,INDIVIDU
736,SEJAHTERA UTAMA PRIMA,SADIKIN SUTRISNO,DIREKTUR,INDIVIDU
737,BIMBIM TRANSMINERATAMA SEJAHTERA,AL KODRI RAMADHAN,DIREKTUR,INDIVIDU
738,BIMBIM TRANSMINERATAMA SEJAHTERA,ACHMAD ALBANI,KOMISARIS UTAMA,INDIVIDU
739,BIMBIM TRANSMINERATAMA SEJAHTERA,SULISTIA YUNINGSIH,KOMISARIS,INDIVIDU
740,BIMBIM TRANSMINERATAMA SEJAHTERA,MITHA ELISZA,DIREKTUR,INDIVIDU
741,BELTIM MAKMUR JAYA,HARTONO,DIREKTUR,INDIVIDU
742,BELTIM MAKMUR JAYA,NASKAFA TJHIN,KOMISARIS,INDIVIDU
743,BELTIM MAKMUR JAYA,FRANKY,KOMISARIS,INDIVIDU
744,LOTUS ESGE SEJAHTERA,FALDO GUNAWAN,DIREKTUR,INDIVIDU
745,LOTUS ESGE SEJAHTERA,SUTOMO GUNAWAN,KOMISARIS UTAMA,INDIVIDU
746,LOTUS ESGE SEJAHTERA,JUSTIN GUNAWAN,DIREKTUR UTAMA,INDIVIDU
747,LOTUS ESGE SEJAHTERA,WILSON GUNAWAN,KOMISARIS,INDIVIDU
748,LOTUS ESGE SEJAHTERA,SUTIATY WIDJAYA,KOMISARIS,INDIVIDU
749,LOTUS ESGE SEJAHTERA,KELVIN GUNAWAN,DIREKTUR,INDIVIDU
750,UNITED SMELTING,IVANG TUSIN,"Sekutu Aktif,Pengurus",INDIVIDU
751,UNITED SMELTING,JOHANES IRVING TEDY,Sekutu Pasif,INDIVIDU
752,PERKASA PARAMA BILITON,"STEFANUS KURNIAWAN, SARJANA TEKNIK",DIREKTUR,INDIVIDU
753,PERKASA PARAMA BILITON,PTGARPATI DAYA INTEGRA,BADAN HUKUM,PERUSAHAAN
754,PERKASA PARAMA BILITON,IRVAN ERLANGGA KUSUMA DANI,DIREKTUR,INDIVIDU
755,PERKASA PARAMA BILITON,ANANDA NUGRAHA ANSHARI,DIREKTUR UTAMA,INDIVIDU
756,PERKASA PARAMA BILITON,ARYA RIZQI DARSONO,KOMISARIS UTAMA,INDIVIDU
757,PERKASA PARAMA BILITON,AYI PARYANA,KOMISARIS,INDIVIDU
758,SATRIA MUKTI ANUGERAH,SRI ASIH WULANDARI,KOMISARIS,INDIVIDU
759,SATRIA MUKTI ANUGERAH,IVAN SETIABUDHI INDRATJAJA,DIREKTUR,INDIVIDU
760,SATRIA MUKTI ANUGERAH,MUHAMMAD ZIKRI RAMADHAN,DIREKTUR,INDIVIDU
761,SATRIA MUKTI ANUGERAH,PTKISMA SUKSES MANDIRI,BADAN HUKUM,PERUSAHAAN
762,PROSPER KARYA MANDIRI,HADIANTO,DIREKTUR,INDIVIDU
763,PROSPER KARYA MANDIRI,SUHENDRI WARTO,KOMISARIS UTAMA,INDIVIDU
764,PROSPER KARYA MANDIRI,Insinyur ARIA ANUGRAHA,KOMISARIS,INDIVIDU
765,INDO PERSADA SILIKA,Insinyur ACHMAD YANI ARIEF,KOMISARIS,INDIVIDU
766,INDO PERSADA SILIKA,WINI NOVIANTY,KOMISARIS UTAMA,INDIVIDU
767,INDO PERSADA SILIKA,JONY CHAYADI,DIREKTUR,INDIVIDU
768,INDO PERSADA SILIKA,PTVICTORY UTAMA INVESTAMA,BADAN HUKUM,PERUSAHAAN
769,SEJAHTERA UTAMA MITRA MANDIRI,SARJONO SUTRISNO,KOMISARIS,INDIVIDU
770,SEJAHTERA UTAMA MITRA MANDIRI,SADIKIN SUTRISNO,DIREKTUR,INDIVIDU
771,3G TRUST,ISA MELKYZEDECK SUHARDIMAN,"Sekutu Aktif,Pengurus",INDIVIDU
772,3G TRUST,IRWIN SAHRONI,"Sekutu Aktif,Pengurus",INDIVIDU
773,3G TRUST,FANDY LINGGA,"Sekutu Pasif,Pengurus",INDIVIDU
774,CELESTA SILICA NUSANTARA,YUSMAN ILYAS,"Sekutu Aktif,Pengurus",INDIVIDU
775,CELESTA SILICA NUSANTARA,PRAYITNO CATUR NUGROHO,Sekutu Pasif,INDIVIDU
776,NIAGA ABADI PERSADA,Pohan Budiman,Sekutu Pasif,INDIVIDU
777,NIAGA ABADI PERSADA,Edy Fitriyanto,DIREKTUR,INDIVIDU
778,NIAGA ABADI PERSADA,Parrish,DIREKTUR UTAMA,INDIVIDU
779,NIAGA ABADI PERSADA,Caroline Purnomo,DIREKTUR,INDIVIDU
780,NIAGA ABADI PERSADA,Freddy Limawan,KOMISARIS,INDIVIDU
781,BINTANGPUSPITA BUMIDWIPA,TONI KHO,KOMISARIS,INDIVIDU
782,BINTANGPUSPITA BUMIDWIPA,YOSUA DEDY HANAFI,DIREKTUR UTAMA,INDIVIDU
783,BINTANGPUSPITA BUMIDWIPA,"GUO, QINGJUN",DIREKTUR,INDIVIDU
784,BINTANGPUSPITA BUMIDWIPA,DUDY HANAFI,KOMISARIS,INDIVIDU
785,ARTHA MINERATAMA LESTARI,AGUS SETYANA DEWI,DIREKTUR,INDIVIDU
786,ARTHA MINERATAMA LESTARI,SULISTIA YUNINGSIH,KOMISARIS,INDIVIDU
787,ARTHA MINERATAMA LESTARI,ACHMAD ALBANI,KOMISARIS UTAMA,INDIVIDU
788,PATRIOT PRIMABUMI PERKASA,"SURYA BATARA KARTIKA, ST.",KOMISARIS,INDIVIDU
789,PATRIOT PRIMABUMI PERKASA,FARHAN HASAN,KOMISARIS UTAMA,INDIVIDU
790,PATRIOT PRIMABUMI PERKASA,ZAINUDDIN,DIREKTUR,INDIVIDU
791,BELITUNG KUARI INDAH,PO KWANG,KOMISARIS,INDIVIDU
792,BELITUNG KUARI INDAH,PTDELI PRATAMA MINERAL,BADAN HUKUM,PERUSAHAAN
793,BELITUNG KUARI INDAH,BUN LAY,DIREKTUR,INDIVIDU
794,KAOLINCLAY MINERAL BELITUNG,DEWI SETIAWATI PRAJITNO,DIREKTUR,INDIVIDU
795,KAOLINCLAY MINERAL BELITUNG,YOFAN,KOMISARIS,INDIVIDU
796,KAOLINCLAY MINERAL BELITUNG,BENNY TANU WIJAYA,KOMISARIS,INDIVIDU
797,KAOLINCLAY MINERAL BELITUNG,HENDRA,KOMISARIS,INDIVIDU
798,KAOLINCLAY MINERAL BELITUNG,FELIX SISWANTO LIE,KOMISARIS UTAMA,INDIVIDU
799,KAOLINCLAY MINERAL BELITUNG,JAMES TJOE,DIREKTUR,INDIVIDU
800,BERKAH ALAM BELITONG,RUSTAM RACHMAT,KOMISARIS,INDIVIDU
801,BERKAH ALAM BELITONG,OYONG WISMAN,KOMISARIS,INDIVIDU
802,BERKAH ALAM BELITONG,HERMAWAN DAENG PARANI,KOMISARIS,INDIVIDU
803,BERKAH ALAM BELITONG,HENDY,KOMISARIS,INDIVIDU
804,BERKAH ALAM BELITONG,HELYUZAR,DIREKTUR,INDIVIDU
805,BERKAH ALAM BELITONG,"ARSIANDO CITRA, SE",DIREKTUR,INDIVIDU
806,SINAR SUMBER DAYA BELITONG,OYONG WISMAN,DIREKTUR,INDIVIDU
807,SINAR SUMBER DAYA BELITONG,HENDY,DIREKTUR,INDIVIDU
808,SINAR SUMBER DAYA BELITONG,"ARSIANDO CITRA, SE",DIREKTUR,INDIVIDU
809,SINAR SUMBER DAYA BELITONG,RUSTAM RACHMAT,KOMISARIS,INDIVIDU
810,SINAR SUMBER DAYA BELITONG,HERMAWAN DAENG PARANI,KOMISARIS,INDIVIDU
811,SINAR SUMBER DAYA BELITONG,HELYUZAR,KOMISARIS,INDIVIDU
812,LAUTAN SINERGI PASIRINDO,BENNY ANDREA,KOMISARIS,INDIVIDU
813,LAUTAN SINERGI PASIRINDO,SIONG THAK,KOMISARIS,INDIVIDU
814,LAUTAN SINERGI PASIRINDO,ANNASUL HAKIM,DIREKTUR,INDIVIDU
815,TIMUR BELITUNG SEJAHTERA,BENNY ANDREA,DIREKTUR,INDIVIDU
816,TIMUR BELITUNG SEJAHTERA,SIONG THAK,KOMISARIS,INDIVIDU
817,TIMUR BELITUNG SEJAHTERA,DEDI ISKANDAR,DIREKTUR,INDIVIDU
818,KONG LUNG MINING,WYLLIANTO,DIREKTUR,INDIVIDU
819,KONG LUNG MINING,MARWANI WONG,KOMISARIS,INDIVIDU
820,BILLITON PRIMA RESOURCES,HARDJA TJAHJADI,KOMISARIS,INDIVIDU
821,BILLITON PRIMA RESOURCES,FERDI FERARI,DIREKTUR,INDIVIDU
822,BUKIT HIJAU PANGKALAN BARU,DODY PRASETYO,DIREKTUR,INDIVIDU
823,BUKIT HIJAU PANGKALAN BARU,GERALD GARCIA,KOMISARIS,INDIVIDU
824,BUKIT HIJAU PANGKALAN BARU,"Ir. Thomas Jusman, MM.",KOMISARIS,INDIVIDU
825,BUKIT HIJAU PANGKALAN BARU,"SITI KHAERUN NISA S.Psi.,M.Psi.",KOMISARIS UTAMA,INDIVIDU
826,SATUNUSA PILAR MINING,MALVIN MULJADI,DIREKTUR,INDIVIDU
827,SATUNUSA PILAR MINING,ERNI HAKIM,KOMISARIS,INDIVIDU
828,BERKAT ASIA MINERALINDO,ISKENDI,KOMISARIS,INDIVIDU
829,BERKAT ASIA MINERALINDO,TAHIR ISKANDAR,DIREKTUR,INDIVIDU
830,BERLIAN SISI BARAT,YUSMAN ILYAS,"Sekutu Aktif,Pengurus",INDIVIDU
831,BERLIAN SISI BARAT,PRAYITNO CATUR NUGROHO,Sekutu Pasif,INDIVIDU
832,BERKAH BERSAMA RESOURCES,SIONG THAK,KOMISARIS,INDIVIDU
833,BERKAH BERSAMA RESOURCES,BENNY ANDREA,WAKIL DIREKTUR,INDIVIDU
834,BERKAH BERSAMA RESOURCES,DEDI ISKANDAR,DIREKTUR,INDIVIDU
835,CAHAYA CELESTA NUSANTARA,"NUNUNG KURNIA, S.H",Sekutu Pasif,INDIVIDU
836,CAHAYA CELESTA NUSANTARA,IR. TRISAKTI YANDI,"Sekutu Aktif,Pengurus",INDIVIDU
837,ANUGRAH MINING NUSANTARA,STEVEN,KOMISARIS,INDIVIDU
838,ANUGRAH MINING NUSANTARA,MARDIANA,DIREKTUR,INDIVIDU
839,HAMPARAN PASIR JAYA,HERMAWAN DAENG PARANI,DIREKTUR,INDIVIDU
840,HAMPARAN PASIR JAYA,HENDY,DIREKTUR,INDIVIDU
841,HAMPARAN PASIR JAYA,RUSTAM RACHMAT,DIREKTUR,INDIVIDU
842,HAMPARAN PASIR JAYA,ARSIANDO CITRA SE,KOMISARIS,INDIVIDU
843,HAMPARAN PASIR JAYA,OYONG WISMAN,KOMISARIS,INDIVIDU
844,HAMPARAN PASIR JAYA,HELYUZAR,DIREKTUR,INDIVIDU
845,ARTABUMI SENTOSA INDONESIA,GANJAR JATMIKO,KOMISARIS,INDIVIDU
846,ARTABUMI SENTOSA INDONESIA,"Dr. H. BAMBANG DWI HARTONO, M.Si",DIREKTUR,INDIVIDU
847,ARTABUMI SENTOSA INDONESIA,MUHAMMAD KUNCORO CANDRA WINATA,KOMISARIS UTAMA,INDIVIDU
848,ARTABUMI SENTOSA INDONESIA,"TJHIN JOEN SEN, ST",DIREKTUR,INDIVIDU
849,ARTABUMI SENTOSA INDONESIA,"HALIM ANTAWIRA HERMANTO, SH",DIREKTUR UTAMA,INDIVIDU
850,ARTABUMI SENTOSA INDONESIA,ADI SANTOSO,KOMISARIS,INDIVIDU
851,ARTABUMI SENTOSA INDONESIA,PTTRI MANUNGGAL SENTOSA,BADAN HUKUM,PERUSAHAAN
852,SINAR SUMBER ALAM NATUNA,RUSTAM RACHMAT,BADAN HUKUM,PERUSAHAAN
853,SINAR SUMBER ALAM NATUNA,OYONG WISMAN,BADAN HUKUM,PERUSAHAAN
854,SINAR SUMBER ALAM NATUNA,HENDY,KOMISARIS,INDIVIDU
855,SINAR SUMBER ALAM NATUNA,HERMAWAN DAENG PARANI,KOMISARIS,INDIVIDU
856,SINAR SUMBER ALAM NATUNA,HELYUZAR,KOMISARIS,INDIVIDU
857,SINAR SUMBER ALAM NATUNA,"ARSIANDO CITRA, SE",DIREKTUR,INDIVIDU
858,BERKAH SUMBER DAYA BELITONG,RUSTAM RACHMAT,DIREKTUR,INDIVIDU
859,BERKAH SUMBER DAYA BELITONG,OYONG WISMAN,DIREKTUR,INDIVIDU
860,BERKAH SUMBER DAYA BELITONG,HERMAWAN DAENG PARANI,DIREKTUR,INDIVIDU
861,BERKAH SUMBER DAYA BELITONG,HENDY,DIREKTUR,INDIVIDU
862,BERKAH SUMBER DAYA BELITONG,HELYUZAR,KOMISARIS,INDIVIDU
863,BERKAH SUMBER DAYA BELITONG,"ARSIANDO CITRA, SE",KOMISARIS,INDIVIDU
864,TRI BINTANG ABADI SEJAHTERA,SITI HAFSOH,KOMISARIS,INDIVIDU
865,TRI BINTANG ABADI SEJAHTERA,DWI KOMALA SARI,DIREKTUR,INDIVIDU
866,PASIFIK AMANIA MANDIRI,PTARKADIA MANDIRI SEJAHTERA,BADAN HUKUM,PERUSAHAAN
867,PASIFIK AMANIA MANDIRI,TRISNO MUJI SANTOSO,DIREKTUR,INDIVIDU
868,PASIFIK AMANIA MANDIRI,PTPRAMANUSA RAYA UTAMA,BADAN HUKUM,PERUSAHAAN
869,PASIFIK AMANIA MANDIRI,IRVANBER HASIBUAN,KOMISARIS,INDIVIDU
870,PEMATANG SUMBER JAYA,PTARKADIA MANDIRI SEJAHTERA,BADAN HUKUM,PERUSAHAAN
871,PEMATANG SUMBER JAYA,TRISNO MUJI SANTOSO,DIREKTUR,INDIVIDU
872,PEMATANG SUMBER JAYA,PTPRAMANUSA RAYA UTAMA,BADAN HUKUM,PERUSAHAAN
873,PEMATANG SUMBER JAYA,IRVANBER HASIBUAN,KOMISARIS,INDIVIDU
874,BERLIAN CAHAYA TIMUR,"NUNUNG KURNIA, S.H","Sekutu Pasif,Pengurus",INDIVIDU
875,BERLIAN CAHAYA TIMUR,IR. TRISAKTI YANDI,"Sekutu Aktif,Pengurus",INDIVIDU
876,BERLIAN CAHAYA TIMUR,HANI RENI MARTINI,"Sekutu Pasif,Pengurus",INDIVIDU
877,BERLIAN CAHAYA TIMUR,ADITYA REZA ADHYAKSA,"Sekutu Pasif,Pengurus",INDIVIDU
878,BELITUNG INTI PERSADA,M. IZADDIN (MUHAMMAD IZADDIN),KOMISARIS,INDIVIDU
879,BELITUNG INTI PERSADA,DHARMA BUDI SADELI,DIREKTUR UTAMA,INDIVIDU
880,BELITUNG INTI PERSADA,DODY DAMOS MANGALOI TINAMBUNAN,DIREKTUR,INDIVIDU
881,BELITUNG INTI PERSADA,RACHMADD POHAN,KOMISARIS UTAMA,INDIVIDU
882,SUMBER CIPTA MINERATAMA,TRISNO MUJI SANTOSO,DIREKTUR,INDIVIDU
883,SUMBER CIPTA MINERATAMA,PTPRAMANUSA RAYA UTAMA,BADAN HUKUM,PERUSAHAAN
884,SUMBER CIPTA MINERATAMA,PTARKADIA MANDIRI SEJAHTERA,BADAN HUKUM,PERUSAHAAN
885,SUMBER CIPTA MINERATAMA,IRVANBER HASIBUAN,KOMISARIS,INDIVIDU
886,DIANTAMA USAHA MANDIRI,PTARKADIA MANDIRI SEJAHTERA,BADAN HUKUM,PERUSAHAAN
887,DIANTAMA USAHA MANDIRI,TRISNO MUJI SANTOSO,DIREKTUR,INDIVIDU
888,DIANTAMA USAHA MANDIRI,PTPRAMANUSA RAYA UTAMA,BADAN HUKUM,PERUSAHAAN
889,DIANTAMA USAHA MANDIRI,IRVANBER HASIBUAN,KOMISARIS,INDIVIDU
890,CUAN BERSAMA SILICA,RHENO SETYAWAN MALEPPE,KOMISARIS,INDIVIDU
891,CUAN BERSAMA SILICA,"SURYA BATARA KARTIKA, ST",KOMISARIS UTAMA,INDIVIDU
892,CUAN BERSAMA SILICA,ZAINUDDIN,DIREKTUR,INDIVIDU
893,CUAN BERSAMA SILICA,"NAGARA ARDITO SOESANTO, ST",KOMISARIS,INDIVIDU
894,CUAN BERSAMA SILICA,DR SAMSUL ARIFIN,DIREKTUR UTAMA,INDIVIDU
895,INTI MATERIALS UTAMA,JESSICA BASUKIE,KOMISARIS,INDIVIDU
896,INTI MATERIALS UTAMA,JASON,DIREKTUR,INDIVIDU
897,BILITON MUDA GEMILANG,EDHIE SANTOSA RAHARDJA,DIREKTUR,INDIVIDU
898,BILITON MUDA GEMILANG,MUHAMAD RIFKY FAYUZAR,KOMISARIS,INDIVIDU
899,SRIYUDI GLOBALINDO PERKASA,BASTIAN UMAR,DIREKTUR,INDIVIDU
900,SRIYUDI GLOBALINDO PERKASA,WEIDRI,KOMISARIS,INDIVIDU
901,SRIYUDI GLOBALINDO PERKASA,MINGHUI HAN,DIREKTUR,INDIVIDU
902,SRIYUDI GLOBALINDO PERKASA,BUDI WIJAYA,DIREKTUR UTAMA,INDIVIDU
903,BASEL MINING SEJAHTERA,HARIS RANOWIANSYAH,KOMISARIS,INDIVIDU
904,BASEL MINING SEJAHTERA,PT CANDRA LESTARI SEJAHTERA,BADAN HUKUM,PERUSAHAAN
905,BASEL MINING SEJAHTERA,ASEP SUMANTRI,DIREKTUR,INDIVIDU
906,BASEL MINING SEJAHTERA,PT TRACO INDOTAMA MANDIRI,BADAN HUKUM,PERUSAHAAN
907,BASEL MINING SEJAHTERA,PT BERDIKARI SEJAHTERA SENTOSA,BADAN HUKUM,PERUSAHAAN
908,MITRA CININDO PERKASA,DRS. MANGANTAS SITORUS,DIREKTUR UTAMA,INDIVIDU
909,MITRA CININDO PERKASA,RENDY VIRNANTO WIJAYA,KOMISARIS,INDIVIDU
910,MITRA CININDO PERKASA,BUDI WIJAYA,DIREKTUR,INDIVIDU
911,BUMI ORE SEJAHTERA,SUSANTO,KOMISARIS,INDIVIDU
912,BUMI ORE SEJAHTERA,JONI,DIREKTUR,INDIVIDU
913,BUMI ORE SEJAHTERA,PTAKAR BUMINDO RESOURCES,BADAN HUKUM,PERUSAHAAN
914,BUMI ORE SEJAHTERA,PTPROFITAMA HARJAYA INDAH,BADAN HUKUM,PERUSAHAAN
915,CAIRO CAOLIN RESOURCES,RICHARD N M PALAR,DIREKTUR,INDIVIDU
916,CAIRO CAOLIN RESOURCES,SHIELLY YUNITA,DIREKTUR,INDIVIDU
917,CAIRO CAOLIN RESOURCES,SHIELLA MARIETA,KOMISARIS,INDIVIDU
918,SILIKA UTAMA MAKMUR,DAVID EFFENDY,KOMISARIS,INDIVIDU
919,SILIKA UTAMA MAKMUR,JIMMY MONOPO,DIREKTUR,INDIVIDU
920,AIRA SILIKA BILITON,MOHAMAD KADRI,KOMISARIS,INDIVIDU
921,AIRA SILIKA BILITON,CHAERUDIN,DIREKTUR,INDIVIDU
922,AIRA SILIKA BILITON,YUNI RUSDINAR,KOMISARIS UTAMA,INDIVIDU
923,AIRA SILIKA BILITON,CANDRA WICAKSONO,KOMISARIS,INDIVIDU
924,KUARSA BABEL MAJU,SIE TJIOE JIN,KOMISARIS,INDIVIDU
925,KUARSA BABEL MAJU,SETIAWAN LOHISTO,DIREKTUR,INDIVIDU
926,KUARSA BABEL MAJU,TOMMY LOHISTO,DIREKTUR,INDIVIDU
927,KUARSA BABEL MAJU,RUSLI LOHISTO,DIREKTUR UTAMA,INDIVIDU
928,KUARSA BELITUNG MAJU,TOMMY LOHISTO,DIREKTUR,INDIVIDU
929,KUARSA BELITUNG MAJU,SIE TJIOE JIN,KOMISARIS,INDIVIDU
930,KUARSA BELITUNG MAJU,RUSLI LOHISTO,DIREKTUR UTAMA,INDIVIDU
931,KUARSA BELITUNG MAJU,ADE WIRAWAN,DIREKTUR,INDIVIDU
932,KUARSA BELITUNG SUKSES,SETIAWAN LOHISTO,DIREKTUR,INDIVIDU
933,KUARSA BELITUNG SUKSES,SIE TJIOE JIN,KOMISARIS,INDIVIDU
934,KUARSA BELITUNG SUKSES,RUSLI LOHISTO,DIREKTUR UTAMA,INDIVIDU
935,KUARSA BELITUNG SUKSES,ADE WIRAWAN,DIREKTUR,INDIVIDU
936,KARYA INVESTAMA MANDIRI,STEVEN CANDRA,DIREKTUR UTAMA,INDIVIDU
937,KARYA INVESTAMA MANDIRI,LYDIA,DIREKTUR,INDIVIDU
938,KARYA INVESTAMA MANDIRI,JALALUDDIN,KOMISARIS,INDIVIDU
939,CAHAYA MANDIRI GEMILANG,STEVEN CANDRA,"Sekutu Aktif,Pengurus",INDIVIDU
940,CAHAYA MANDIRI GEMILANG,LYDIA,"Sekutu Aktif,Pengurus",INDIVIDU
941,CAHAYA MANDIRI GEMILANG,JALALUDDIN,Sekutu Pasif,INDIVIDU
942,BILITON SUMBER SILIKA,DAVID EFFENDY,KOMISARIS,INDIVIDU
943,BILITON SUMBER SILIKA,JIMMY MONOPO,DIREKTUR,INDIVIDU
944,BILITON SILIKA LESTARI,JIMMY MONOPO,DIREKTUR,INDIVIDU
945,BILITON SILIKA LESTARI,DAVID EFFENDY,KOMISARIS,INDIVIDU
946,SILIKA INDO GEMILANG,DAVID EFFENDY,KOMISARIS,INDIVIDU
947,SILIKA INDO GEMILANG,JIMMY MONOPO,DIREKTUR,INDIVIDU
948,ALTER ABADI Tbk.,HARI SOEMANTO,DIREKTUR,INDIVIDU
949,ALTER ABADI Tbk.,MARCELLIUS RUSLI EFFENDI,KOMISARIS,INDIVIDU
950,ALTER ABADI Tbk.,LENY HAKIM,PRESIDEN KOMISARIS,INDIVIDU
951,ALTER ABADI Tbk.,JEFRY HAKIM,DIREKTUR,INDIVIDU
952,ALTER ABADI Tbk.,Masyarakat,DIREKTUR,INDIVIDU
953,ALTER ABADI Tbk.,RACHMAN HAKIM,PRESIDEN DIREKTUR,INDIVIDU
954,ALTER ABADI Tbk.,PTHakimperkasa Interniaga,BADAN HUKUM,PERUSAHAAN
955,ARTHA CIPTA LANGGENG,MUHAMAD RUSYIDI,DIREKTUR,INDIVIDU
956,ARTHA CIPTA LANGGENG,TAN HENRY LISARDI,DIREKTUR UTAMA,INDIVIDU
957,ARTHA CIPTA LANGGENG,PT RESOURCES CAPITAL,BADAN HUKUM,PERUSAHAAN
958,ARTHA CIPTA LANGGENG,PT MEDIA MULIA INVESTAMA,BADAN HUKUM,PERUSAHAAN
959,ARTHA CIPTA LANGGENG,IWAN SUHARDIMAN,KOMISARIS,INDIVIDU
960,ARTHA CIPTA LANGGENG,ISA MELKYZEDECK SUHARDIMAN,DIREKTUR,INDIVIDU
961,ARTHA CIPTA LANGGENG,JOHNY SUHARDIMAN,KOMISARIS,INDIVIDU
962,ARTHA CIPTA LANGGENG,HENDRIK SUHARDIMAN,KOMISARIS UTAMA,INDIVIDU
963,ARTHA CIPTA LANGGENG,TEGUH PAMUDJI YUSUF,DIREKTUR,INDIVIDU
964,ARTHA CIPTA LANGGENG,JOENG JOHAN HARTATO,KOMISARIS,INDIVIDU
965,UTAMA MEGA MANDIRI,OPPY SANARJO,"Sekutu Aktif,Pengurus",INDIVIDU
966,UTAMA MEGA MANDIRI,EVA ARNAS ERNAWATI,Sekutu Pasif,INDIVIDU
967,SORRA INTI GEMILANG,JOKO PRASETYO,KOMISARIS,INDIVIDU
968,SORRA INTI GEMILANG,ARIF AGUNG RAKHMADI,DIREKTUR,INDIVIDU
969,SORRA NIWANDA SUKSES,SUNARNO,KOMISARIS,INDIVIDU
970,SORRA NIWANDA SUKSES,NUMIATI,DIREKTUR,INDIVIDU
971,METRIX ABADI RESOURCE,FLORENTINUS SUHERMAN BUDIONO,DIREKTUR,INDIVIDU
972,METRIX ABADI RESOURCE,JOHANES BUDI SUTRISNO K,DIREKTUR,INDIVIDU
973,METRIX ABADI RESOURCE,WENDRI ARMAN,KOMISARIS,INDIVIDU
974,METRIX ABADI RESOURCE,PUDJOWARNO,DIREKTUR UTAMA,INDIVIDU
975,BILLITON SINAR PERKASA,WIRU ERANDARI,Sekutu Pasif,INDIVIDU
976,BILLITON SINAR PERKASA,ACHMAD BAIJURI,"Sekutu Aktif,Pengurus",INDIVIDU
977,SINAR SEJAHTERA PERKASA,OKTAVIANUS PORAY TIRA,DIREKTUR,INDIVIDU
978,SINAR SEJAHTERA PERKASA,MARI KUSBIYANTO,KOMISARIS,INDIVIDU
979,SINAR SEJAHTERA PERKASA,"HARWENDRO ADITYO DEWANTO, SH",KOMISARIS UTAMA,INDIVIDU
980,SINAR SEJAHTERA PERKASA,PTSUBUR BUMI MINERAL,BADAN HUKUM,PERUSAHAAN
981,SINAR SEJAHTERA PERKASA,ABDUL RAHMAN YACOB,DIREKTUR UTAMA,INDIVIDU
982,BELITUNG CININDO ANTARBUANA,RYSKA LISMITA,DIREKTUR,INDIVIDU
983,BELITUNG CININDO ANTARBUANA,BUDI WIJAYA,KOMISARIS,INDIVIDU
984,INTAN ALAM ABADI,OYONG WISMAN,KOMISARIS,INDIVIDU
985,INTAN ALAM ABADI,HENDY,DIREKTUR,INDIVIDU
986,INTAN ALAM ABADI,PTSILIKA UTAMA JAYA,BADAN HUKUM,PERUSAHAAN
987,INTAN ALAM ABADI,PTHAMPARAN INDONESIA BERJAYA,BADAN HUKUM,PERUSAHAAN
988,MAKIN MAJU MAKMUR,YESSI WIJAYA,KOMISARIS UTAMA,INDIVIDU
989,MAKIN MAJU MAKMUR,ELVY WIJAYA,KOMISARIS,INDIVIDU
990,MAKIN MAJU MAKMUR,RYSKA LISMITA,DIREKTUR UTAMA,INDIVIDU
991,MAKIN MAJU MAKMUR,SANTI WIJAYA,DIREKTUR,INDIVIDU
992,SYNERGI JAYA SILIKA,MUHLIS NAHWI,DIREKTUR,INDIVIDU
993,SYNERGI JAYA SILIKA,TASMIN TAMSIL,KOMISARIS,INDIVIDU
994,SYNERGI JAYA SILIKA,PTSYNERGI MAKMUR INVESTAMA,BADAN HUKUM,PERUSAHAAN
995,SYNERGI JAYA SILIKA,TOMMY PRASETYO,DIREKTUR,INDIVIDU
996,BANTALA MITRA SUKSES,LILIS PURWANTI,KOMISARIS,INDIVIDU
997,BANTALA MITRA SUKSES,BAMBANG SIGID TRI WURYONO,DIREKTUR,INDIVIDU
998,SYNERGI MAKMUR SILIKA,PTSYNERGI MAKMUR INVESTAMA,BADAN HUKUM,PERUSAHAAN
999,SYNERGI MAKMUR SILIKA,RACHMADI TOHA,KOMISARIS,INDIVIDU
1000,SYNERGI MAKMUR SILIKA,ZULKIFLI. BS,DIREKTUR,INDIVIDU
1001,SYNERGI SUKSES SILIKA,NANA SYAHBANA,DIREKTUR,INDIVIDU
1002,SYNERGI SUKSES SILIKA,PTSYNERGI MAKMUR INVESTAMA,BADAN HUKUM,PERUSAHAAN
1003,SYNERGI SUKSES SILIKA,ANTON,KOMISARIS,INDIVIDU
1004,SYNERGI SUKSES SILIKA,ARMANSYAH,DIREKTUR,INDIVIDU
1005,TUNAS MANDIRI BANGUN PERSADA,PTUSAHA MANDIRI PERSADA,BADAN HUKUM,PERUSAHAAN
1006,TUNAS MANDIRI BANGUN PERSADA,SIANTY BUNTARAN,KOMISARIS,INDIVIDU
1007,TUNAS MANDIRI BANGUN PERSADA,LYDIA,DIREKTUR,INDIVIDU
1008,TUNAS MANDIRI BANGUN PERSADA,STEVEN CANDRA,DIREKTUR UTAMA,INDIVIDU
1009,ARYA PRIMA SENTOSA,"WU, KAIXUE",DIREKTUR,INDIVIDU
1010,ARYA PRIMA SENTOSA,TAHIR ISKANDAR,DIREKTUR UTAMA,INDIVIDU
1011,ARYA PRIMA SENTOSA,DAVID DJURIAH,KOMISARIS,INDIVIDU
1012,GASPAR ARTHA AGUNG,RIO JANU PURWANTO,"Sekutu Aktif,Pengurus",INDIVIDU
1013,AKAR BUMINDO RESOURCES,JONI,DIREKTUR,INDIVIDU
1014,AKAR BUMINDO RESOURCES,SOEKARDI,KOMISARIS,INDIVIDU
1015,ALDMIC BARA INDONESIA,WILLY WINTHOVANY THOMAS,KOMISARIS,INDIVIDU
1016,ALDMIC BARA INDONESIA,SOENATO KAHARUDIN,DIREKTUR,INDIVIDU
1017,ALDMIC BARA INDONESIA,Ken Dean Lawadinata,DIREKTUR,INDIVIDU
1018,ALDMIC BARA INDONESIA,Jeffrey Khans Gunawan,DIREKTUR,INDIVIDU
1019,ALDMIC BARA INDONESIA,ELDY WIRAATMADJA,KOMISARIS,INDIVIDU
1020,ALDMIC BARA INDONESIA,Darwin Wijaya,KOMISARIS,INDIVIDU
1021,ALDMIC BARA INDONESIA,ALDWIN WIJAYA,DIREKTUR UTAMA,INDIVIDU
1022,ANINDITA NATA TIARA,ANDRIANUS DAVID SIM,DIREKTUR UTAMA,INDIVIDU
1023,ANINDITA NATA TIARA,INDRA TUKIMIN,KOMISARIS,INDIVIDU
1024,ANINDITA NATA TIARA,TONI SISWOYUDHO,DIREKTUR,INDIVIDU
1025,ANINDITA NATA TIARA,"TF EXCHANGE, PTE., LTD",BADAN HUKUM,PERUSAHAAN
1026,ANINDITA NATA TIARA,AGUSTIAN LEORIS,BADAN HUKUM,PERUSAHAAN
1027,ARIES KENCANA SEJAHTERA,ARTHUR EVANDO,KOMISARIS,INDIVIDU
1028,ARIES KENCANA SEJAHTERA,EDWIN KUNTJORO,KOMISARIS,INDIVIDU
1029,ARIES KENCANA SEJAHTERA,ARIF SUGIANTO,DIREKTUR,INDIVIDU
1030,ARKADIA MANDIRI SEJAHTERA,TRISNO MUJI SANTOSO,DIREKTUR,INDIVIDU
1031,ARKADIA MANDIRI SEJAHTERA,PTPIRUS SUMBER SEJAHTERA,BADAN HUKUM,PERUSAHAAN
1032,ARKADIA MANDIRI SEJAHTERA,PTPIRUS RAYA PERKASA,BADAN HUKUM,PERUSAHAAN
1033,ARKADIA MANDIRI SEJAHTERA,IRVANBER HASIBUAN,KOMISARIS,INDIVIDU
1034,ARSARI MULTI TAMBANG,R. ARI LUMAKSONO,DIREKTUR,INDIVIDU
1035,ARSARI MULTI TAMBANG,PTARSARI PRADANA UTAMA,BADAN HUKUM,PERUSAHAAN
1036,ARSARI MULTI TAMBANG,HASHIM S DJOJOHADIKUSUMO,BADAN HUKUM,PERUSAHAAN
1037,ARSARI MULTI TAMBANG,BAMBANG SJAMSURIDZAL ATMADJA,KOMISARIS,INDIVIDU
1038,ARSARI MULTI TAMBANG,ARYO P S DJOJOHADIKUSUMO,DIREKTUR UTAMA,INDIVIDU
1039,ARSARI TAMBANG,R. ARI LUMAKSONO,KOMISARIS,INDIVIDU
1040,ARSARI TAMBANG,"DR H MOCHAMAD IRIAWAN, S.H., M.M., M.H.",KOMISARIS,INDIVIDU
1041,ARSARI TAMBANG,PTCAHAYA INTAN,BADAN HUKUM,PERUSAHAAN
1042,ARSARI TAMBANG,PTARSARI PRADANA UTAMA,BADAN HUKUM,PERUSAHAAN
1043,ARSARI TAMBANG,HASHIM S DJOJOHADIKUSUMO,KOMISARIS UTAMA,INDIVIDU
1044,ARSARI TAMBANG,BAMBANG SJAMSURIDZAL ATMADJA,KOMISARIS,INDIVIDU
1045,ARSARI TAMBANG,ARNOLD RONNY PARULIAN,DIREKTUR,INDIVIDU
1046,ARSARI TAMBANG,ARYO P S DJOJOHADIKUSUMO,DIREKTUR UTAMA,INDIVIDU
1047,BERDIKARI SEJAHTERA SENTOSA,MICHAEL REAGAN TJONG,DIREKTUR,INDIVIDU
1048,BERDIKARI SEJAHTERA SENTOSA,EMMANUEL DARREN TJONG,DIREKTUR,INDIVIDU
1049,BERDIKARI SEJAHTERA SENTOSA,NATHANAEL AUSTEN TJONG,DIREKTUR,INDIVIDU
1050,BERDIKARI SEJAHTERA SENTOSA,ELIZABETH JUANITA,KOMISARIS,INDIVIDU
1051,BERDIKARI SEJAHTERA SENTOSA,KRISTIAN TJANDRA,DIREKTUR,INDIVIDU
1052,BERJAYA BERSAMA KAWAN,PTKOMPAK SAHABAT BERJAYA,BADAN HUKUM,PERUSAHAAN
1053,BERJAYA BERSAMA KAWAN,MUNI YANDONI,KOMISARIS,INDIVIDU
1054,BERJAYA BERSAMA KAWAN,MUHAMMAD SANDY RIZKY,KOMISARIS,INDIVIDU
1055,BERJAYA BERSAMA KAWAN,ARY CHANDRA HIDAYAT,DIREKTUR,INDIVIDU
1056,BERJAYA BERSAMA KAWAN,AIDIL SURAHMAN,DIREKTUR,INDIVIDU
1057,CAHAYA TIMAH BELITUNG JAYA,PT SINAR TIMAH BELITUNG,BADAN HUKUM,PERUSAHAAN
1058,CAHAYA TIMAH BELITUNG JAYA,PT CAHAYA TIMAH GLOBAL MULIA,BADAN HUKUM,PERUSAHAAN
1059,CAHAYA TIMAH BELITUNG JAYA,"SUSILO RIYANTO, SE, MM",KOMISARIS,INDIVIDU
1060,CAHAYA TIMAH BELITUNG JAYA,HERMAN PICAL,KOMISARIS UTAMA,INDIVIDU
1061,CAHAYA TIMAH BELITUNG JAYA,YOSE RIZAL RACHMAN,DIREKTUR,INDIVIDU
1062,CAHAYA TIMAH BELITUNG JAYA,WONGWA GROHO,DIREKTUR UTAMA,INDIVIDU
1063,CAHAYA TIMAH GLOBAL MULIA,PTBELITUNG INDUSTRI SEJAHTERA,BADAN HUKUM,PERUSAHAAN
1064,CAHAYA TIMAH GLOBAL MULIA,HERMAN PICAL,KOMISARIS,INDIVIDU
1065,CAHAYA TIMAH GLOBAL MULIA,INDO TIMAH CAHAYA MULIA,BADAN HUKUM,PERUSAHAAN
1066,CAHAYA TIMAH GLOBAL MULIA,MAHJUDIN MULIA,DIREKTUR,INDIVIDU
1067,CAHAYA TIMAH GLOBAL MULIA,WONGWA GROHO,DIREKTUR UTAMA,INDIVIDU
1068,CANDRA LESTARI SEJAHTERA,NEITH EVANGELINA CANDRA,DIREKTUR UTAMA,INDIVIDU
1069,CANDRA LESTARI SEJAHTERA,NICOLINE ALICIA CANDRA,DIREKTUR UTAMA,INDIVIDU
1070,CANDRA LESTARI SEJAHTERA,NADINE OLIVIA CANDRA,DIREKTUR UTAMA,INDIVIDU
1071,CANDRA LESTARI SEJAHTERA,ISWADHANI TJANDRA,KOMISARIS,INDIVIDU
1072,CANDRA LESTARI SEJAHTERA,LESTARI KUSUMANINGSIH,KOMISARIS UTAMA,INDIVIDU
1073,CANDRA LESTARI SEJAHTERA,DHE DHE CANDRA,DIREKTUR,INDIVIDU
1074,DELI COAL,JUHADI,DIREKTUR,INDIVIDU
1075,DELI COAL,DELI PRATAMA NUSANTARA,BADAN HUKUM,PERUSAHAAN
1076,DELI COAL,LIMAS ANANTO,KOMISARIS,INDIVIDU
1077,DELI COAL,DELI INDONESIA RAYA,BADAN HUKUM,PERUSAHAAN
1078,DELI PRATAMA MINERAL,BAMBANG SUBAGIO WIYONO,DIREKTUR,INDIVIDU
1079,DELI PRATAMA MINERAL,JUHADI,KOMISARIS,INDIVIDU
1080,DELI PRATAMA MINERAL,PTDELI PRATAMA NUSANTARA,BADAN HUKUM,PERUSAHAAN
1081,DELI PRATAMA MINERAL,PTSINAR DELI,BADAN HUKUM,PERUSAHAAN
1082,DUAPILAR SELARAS MAJU,PRONO WIBOWO,KOMISARIS,INDIVIDU
1083,DUAPILAR SELARAS MAJU,MUH SIGIT PRASETYA,DIREKTUR,INDIVIDU
1084,DWIJAYA MAJU BERSAMA,PRONO WIBOWO,KOMISARIS,INDIVIDU
1085,DWIJAYA MAJU BERSAMA,MUH SIGIT PRASETYA,DIREKTUR,INDIVIDU
1086,GARPATI DAYA INTEGRA,ANANDA NUGRAHA ANSHARI,KOMISARIS,INDIVIDU
1087,GARPATI DAYA INTEGRA,ARYA RIZQI DARSONO,DIREKTUR,INDIVIDU
1088,GARPATI DAYA INTEGRA,PT AZZAHRA CITRA PERKASA,BADAN HUKUM,PERUSAHAAN
1089,GARPATI DAYA INTEGRA,PT MANTRA DAHANA INVESTA,BADAN HUKUM,PERUSAHAAN
1090,HAKIMPERKASA INTERNIAGA,Novita Hakim,BADAN HUKUM,PERUSAHAAN
1091,HAKIMPERKASA INTERNIAGA,Meitjhe Kusnadi,KOMISARIS,INDIVIDU
1092,HAKIMPERKASA INTERNIAGA,Leny Hakim,KOMISARIS UTAMA,INDIVIDU
1093,HAKIMPERKASA INTERNIAGA,Rachman Hakim,DIREKTUR UTAMA,INDIVIDU
1094,HAKIMPERKASA INTERNIAGA,Jefry Hakim,DIREKTUR,INDIVIDU
1095,HAMPARAN INDONESIA BERJAYA,HERMAWAN DAENG PARANI,DIREKTUR,INDIVIDU
1096,HAMPARAN INDONESIA BERJAYA,RUSTAM RACHMAT,DIREKTUR,INDIVIDU
1097,HAMPARAN INDONESIA BERJAYA,OYONG WISMAN,DIREKTUR,INDIVIDU
1098,HAMPARAN INDONESIA BERJAYA,ARSIANDO CITRA SE,DIREKTUR,INDIVIDU
1099,HAMPARAN INDONESIA BERJAYA,HELYUZAR,DIREKTUR,INDIVIDU
1100,HAMPARAN INDONESIA BERJAYA,HENDY,KOMISARIS,INDIVIDU
1101,INDRA PUTRA MEGA,WIRANTO NURHADI,DIREKTUR,INDIVIDU
1102,INDRA PUTRA MEGA,WIDJIJONO NURHADI,DIREKTUR,INDIVIDU
1103,INDRA PUTRA MEGA,FONNY NURHADI,KOMISARIS,INDIVIDU
1104,INDRA PUTRA MEGA,WIRANTO NURHADI,DIREKTUR UTAMA,INDIVIDU
1105,INDRA PUTRA MEGA,WIDJIJONO NURHADI,KOMISARIS,INDIVIDU
1106,INDRA PUTRA MEGA,IKAWATI NURHADI,KOMISARIS,INDIVIDU
1107,INDRA PUTRA MEGA,DRS. MOCH. CHANAFI,DIREKTUR,INDIVIDU
1108,KAOLINDO SAKTI PERKASA,Qi Tusheng,DIREKTUR,INDIVIDU
1109,KAOLINDO SAKTI PERKASA,Jefry Hakim,DIREKTUR,INDIVIDU
1110,KAOLINDO SAKTI PERKASA,Meitje Kusnadi,KOMISARIS,INDIVIDU
1111,KAOLINDO SAKTI PERKASA,HARI SAOEMANTO,DIREKTUR,INDIVIDU
1112,KAOLINDO SAKTI PERKASA,Leny Hakim,PRESIDEN KOMISARIS,INDIVIDU
1113,KAOLINDO SAKTI PERKASA,Rachman Hakim,PRESIDEN DIREKTUR,INDIVIDU
1114,KAOLINDO SAKTI PERKASA,PTNipsea Martapura,BADAN HUKUM,PERUSAHAAN
1115,KAOLINDO SAKTI PERKASA,PTAlter Abadi Tbk,BADAN HUKUM,PERUSAHAAN
1116,KISMA SUKSES MANDIRI,SRI ASIH WULANDARI,DIREKTUR,INDIVIDU
1117,KISMA SUKSES MANDIRI,MUHAMMAD ZIKRI RAMADHAN,KOMISARIS,INDIVIDU
1118,KSATRIA INDONESIA EMAS,JONATAN,KOMISARIS,INDIVIDU
1119,KSATRIA INDONESIA EMAS,ARBI LEO,DIREKTUR,INDIVIDU
1120,MARSHINDO BUMI MINERAL,DJOJO SUNJOTO,KOMISARIS,INDIVIDU
1121,MARSHINDO BUMI MINERAL,MARSHELLE SUNJOTO,DIREKTUR,INDIVIDU
1122,MEDIA MULIA INVESTAMA,ISA MELKYZEDECK SUHARDIMAN,KOMISARIS,INDIVIDU
1123,MEDIA MULIA INVESTAMA,MAX MELKYZEDECK SUHARDIMAN,DIREKTUR,INDIVIDU
1124,MEDIA MULIA INVESTAMA,JEREMY SUHARDIMAN,DIREKTUR,INDIVIDU
1125,MEDIA MULIA INVESTAMA,JOHNY SUHARDIMAN,KOMISARIS UTAMA,INDIVIDU
1126,MEDIA MULIA INVESTAMA,TEGUH PAMUDJI YUSUF,DIREKTUR UTAMA,INDIVIDU
1127,MEDIA MULIA INVESTAMA,PTMULIA ANUGERAH SEJAHTERA,BADAN HUKUM,PERUSAHAAN
1128,MEDIA MULIA INVESTAMA,HENDRIK SUHARDIMAN,DIREKTUR,INDIVIDU
1129,MERDEKA BERSAMA JAYA,WIDAYATI,DIREKTUR,INDIVIDU
1130,MERDEKA BERSAMA JAYA,KASMAN,DIREKTUR,INDIVIDU
1131,MERDEKA BERSAMA JAYA,KADAR HERARIES OPUTRA,KOMISARIS,INDIVIDU
1132,MERDEKA BERSAMA JAYA,ARBI LEO,KOMISARIS,INDIVIDU
1133,MINERAL JAYA PERSADA,SILVIA YAP,KOMISARIS,INDIVIDU
1134,MINERAL JAYA PERSADA,TANTIONO,DIREKTUR,INDIVIDU
1135,MINERAL JAYA PERSADA,PTMULTITAMA BAKTI GEMILANG,BADAN HUKUM,PERUSAHAAN
1136,MINERAL JAYA PERSADA,PT CAKRA PRATAMA ABADI,BADAN HUKUM,PERUSAHAAN
1137,MITRA GRAHA RAYA,HESTI ANDI TJAHYANTO,DIREKTUR UTAMA,INDIVIDU
1138,MITRA GRAHA RAYA,SHERLY HERLINA,DIREKTUR UTAMA,INDIVIDU
1139,MITRA GRAHA RAYA,"SHERLY WANTO, SE",KOMISARIS UTAMA,INDIVIDU
1140,MITRA GRAHA RAYA,MAYLINASTUTI,DIREKTUR,INDIVIDU
1141,MITRA GRAHA RAYA,PTNOBLE CAPITAL,BADAN HUKUM,PERUSAHAAN
1142,MITRA GRAHA RAYA,ANTONIUS ANINDITYA ABIRAMA,KOMISARIS,INDIVIDU
1143,NOBLE CAPITAL,RIRIN ENDANG DIATRI,KOMISARIS UTAMA,INDIVIDU
1144,NOBLE CAPITAL,MAYLINASTUTI,KOMISARIS,INDIVIDU
1145,NOBLE CAPITAL,ANTONIUS RICHARDUS ANGGORO SETYO,DIREKTUR,INDIVIDU
1146,PELAYARAN TANJUNGBAHARI PERKASA,VALENCIA VENLY,DIREKTUR,INDIVIDU
1147,PELAYARAN TANJUNGBAHARI PERKASA,TJONG FRISKA NATALIA,KOMISARIS,INDIVIDU
1148,PELAYARAN TANJUNGBAHARI PERKASA,SIONG THAK,DIREKTUR,INDIVIDU
1149,PELAYARAN TANJUNGBAHARI PERKASA,JULIUS CHANDRA,DIREKTUR UTAMA,INDIVIDU
1150,PELAYARAN TANJUNGBAHARI PERKASA,JESSICA VENLY,DIREKTUR UTAMA,INDIVIDU
1151,PERUSAHAAN PERSEROAN (PERSERO) PTMINERAL INDUSTRI INDONESIA,ASTERA PRIMANTO BHAKTI,KOMISARIS,INDIVIDU
1152,PERUSAHAAN PERSEROAN (PERSERO) PTMINERAL INDUSTRI INDONESIA,DANY AMRUL ICHDAN,DIREKTUR,INDIVIDU
1153,PERUSAHAAN PERSEROAN (PERSERO) PTMINERAL INDUSTRI INDONESIA,Negara Republik Indonesia,DIREKTUR,INDIVIDU
1154,PRAMANUSA RAYA UTAMA,PTPIRUS SUMBER SEJAHTERA,BADAN HUKUM,PERUSAHAAN
1155,PRAMANUSA RAYA UTAMA,TRISNO MUJI SANTOSO,DIREKTUR,INDIVIDU
1156,PRAMANUSA RAYA UTAMA,PTPIRUS RAYA PERKASA,BADAN HUKUM,PERUSAHAAN
1157,PRAMANUSA RAYA UTAMA,IRVANBER HASIBUAN,KOMISARIS,INDIVIDU
1158,PRESTASI PELUMASINDO UNGGUL,HERMAN ROESLI,DIREKTUR UTAMA,INDIVIDU
1159,PRESTASI PELUMASINDO UNGGUL,ANGELA DARIA LOLA S,KOMISARIS,INDIVIDU
1160,PRESTASI PELUMASINDO UNGGUL,MICHAEL ROESLI,DIREKTUR,INDIVIDU
1161,PRIMA JAYA MINERAL,PT MINERAL JAYA PERSADA,BADAN HUKUM,PERUSAHAAN
1162,PRIMA JAYA MINERAL,PT MARSHINDO BUMI MINERAL,BADAN HUKUM,PERUSAHAAN
1163,PRIMA JAYA MINERAL,MARSHELLE SUNJOTO,KOMISARIS,INDIVIDU
1164,PRIMA JAYA MINERAL,TANTIONO,DIREKTUR,INDIVIDU
1165,PROFITAMA HARJAYA INDAH,PT PROFITAMA HARAPAN INDAH,BADAN HUKUM,PERUSAHAAN
1166,PROFITAMA HARJAYA INDAH,SUSANTO,DIREKTUR,INDIVIDU
1167,PROFITAMA HARJAYA INDAH,SOEKARDI,Komisaris,INDIVIDU
1168,RESOURCES CAPITAL,MAX MELKYZEDECK SUHARDIMAN,DIREKTUR,INDIVIDU
1169,RESOURCES CAPITAL,HENDRIK SUHARDIMAN,KOMISARIS,INDIVIDU
1170,RESOURCES CAPITAL,ISA MELKYZEDECK SUHARDIMAN,DIREKTUR UTAMA,INDIVIDU
1171,SARANA MARINDO,S A A D I,KOMISARIS,INDIVIDU
1172,SEIRAMA TIN INVESTMENT,TJEUW JIT KONG,DIREKTUR,INDIVIDU
1173,SEIRAMA TIN INVESTMENT,FERRY KAMARIUN,KOMISARIS,INDIVIDU
1174,SEIRAMA TIN INVESTMENT,RONAL WIJAYA,KOMISARIS,INDIVIDU
1175,SEKAWAN TRIASIH ABADI,HERMAN ROESLI,DIREKTUR,INDIVIDU
1176,SEKAWAN TRIASIH ABADI,ANDREW ROESLI,KOMISARIS,INDIVIDU
1177,SILIKA UTAMA JAYA,HERMAWAN DAENG PARANI,KOMISARIS,INDIVIDU
1178,SILIKA UTAMA JAYA,OYONG WISMAN,KOMISARIS,INDIVIDU
1179,SILIKA UTAMA JAYA,RUSTAM RACHMAT,KOMISARIS,INDIVIDU
1180,SILIKA UTAMA JAYA,HENDY,DIREKTUR,INDIVIDU
1181,SILIKA UTAMA JAYA,HELYUZAR,DIREKTUR,INDIVIDU
1182,SILIKA UTAMA JAYA,ARSIANDO CITRA SE,DIREKTUR,INDIVIDU
1183,SINAR MINERAL SEJATI,CHRISTIAN SALIM,KOMISARIS,INDIVIDU
1184,SINAR MINERAL SEJATI,ARMAN ADHI KUSUMA RACHMAT,KOMISARIS,INDIVIDU
1185,SINAR MINERAL SEJATI,LEON GIRTON,DIREKTUR,INDIVIDU
1186,SUBUR BUMI MINERAL,CHRISTIAN SALIM,DIREKTUR,INDIVIDU
1187,SUBUR BUMI MINERAL,ARMAN ADHI KUSUMA RACHMAT,DIREKTUR,INDIVIDU
1188,SUBUR BUMI MINERAL,LEON GIRTON,KOMISARIS,INDIVIDU
1189,SUMBER LOGINDO ALAM,"STEVANUS TRI DARMA, S.KOM.",DIREKTUR,INDIVIDU
1190,SUMBER LOGINDO ALAM,PT LOMASASTA MINERALINDO,BADAN HUKUM,PERUSAHAAN
1191,SUMBER LOGINDO ALAM,HENDRY LIE,KOMISARIS,INDIVIDU
1192,SUMBER LOGINDO ALAM,CANDRA PRAWIRA,DIREKTUR UTAMA,INDIVIDU
1193,SYNERGI MAKMUR INVESTAMA,SUWANDY BUSLIN,DIREKTUR UTAMA,INDIVIDU
1194,SYNERGI MAKMUR INVESTAMA,TASKIN,KOMISARIS,INDIVIDU
1195,SYNERGI MAKMUR INVESTAMA,NANA SYAHBANA,DIREKTUR,INDIVIDU
1196,SYNERGI MAKMUR INVESTAMA,MUHLIS NAHWI,DIREKTUR UTAMA,INDIVIDU
1197,SUWARNA SANTIKA WIJAYA,JIMMY,DIREKTUR,INDIVIDU
1198,SUWARNA SANTIKA WIJAYA,HEELY ADISUHANTO,KOMISARIS UTAMA,INDIVIDU
1199,SUWARNA SANTIKA WIJAYA,VIONA,KOMISARIS,INDIVIDU
1200,TAMBANG WANCHENG INDONESIA,"LONG, HANFANG",KOMISARIS,INDIVIDU
1201,TAMBANG WANCHENG INDONESIA,"LI, KUNFANG",DIREKTUR,INDIVIDU
1202,TOMMY MITRA INVESTAMA,LOW GUAN YUAN,DIREKTUR,INDIVIDU
1203,TOMMY MITRA INVESTAMA,"TF EXCHANGE, PTE., LTD",BADAN HUKUM,PERUSAHAAN
1204,TOMMY MITRA INVESTAMA,TONI SISWOYUDHO,KOMISARIS,INDIVIDU
1205,TRACO INDOTAMA MANDIRI,ANDREW AGUERO HERWIN,KOMISARIS,INDIVIDU
1206,TRACO INDOTAMA MANDIRI,CLARENCE GRACELLA HERWIN,KOMISARIS,INDIVIDU
1207,TRACO INDOTAMA MANDIRI,WIN WIN,KOMISARIS,INDIVIDU
1208,TRACO INDOTAMA MANDIRI,HERIE,DIREKTUR,INDIVIDU
1209,TRI MANUNGGAL SENTOSA,ARIF SANTOSO,KOMISARIS UTAMA,INDIVIDU
1210,TRI MANUNGGAL SENTOSA,YULIANA SANTOSO,KOMISARIS,INDIVIDU
1211,TRI MANUNGGAL SENTOSA,SANTOSO WIJAYA,DIREKTUR UTAMA,INDIVIDU
1212,TRI MANUNGGAL SENTOSA,ADI SANTOSO,DIREKTUR,INDIVIDU
1213,VICTORY UTAMA INVESTAMA,WINI NOVIANTY,DIREKTUR,INDIVIDU
1214,VICTORY UTAMA INVESTAMA,JONY CHAYADI,KOMISARIS,INDIVIDU
1215,ARMADA SAMUDRA PERSADA,RIO RAKHMAT BRAMANTIO,KOMISARIS UTAMA,INDIVIDU
1216,ARMADA SAMUDRA PERSADA,WILLIAN,DIREKTUR,INDIVIDU
1217,ARMADA SAMUDRA PERSADA,HANDRIC,KOMISARIS,INDIVIDU
1218,ARSARI PRADANA UTAMA,HASHIM SUJONO DJOJOHADIKUSUMO,DIREKTUR,INDIVIDU
1219,ARSARI PRADANA UTAMA,ANIE HARJATIE (DALAM KARTU TANDA PENDUDUK TERTULIS ANIE H DJOJOHADIKUSUMO),KOMISARIS,INDIVIDU
1220,ARSARI PRADANA UTAMA,SITIE INDRAWATI DJOJOHADIKUSUMO,KOMISARIS,INDIVIDU
1221,AZZAHRA CITRA PERKASA,ARYA RIZQI DARSONO,DIREKTUR,INDIVIDU
1222,AZZAHRA CITRA PERKASA,ARYA HENDRA DARSONO,KOMISARIS,INDIVIDU
1223,AZZAHRA CITRA PERKASA,AJENG SHASTRI LESTYARIANI,KOMISARIS UTAMA,INDIVIDU
1224,CAHAYA INTAN,BAMBANG SJAMSURIDZAL ATMADJA,KOMISARIS,INDIVIDU
1225,CAHAYA INTAN,DANIEL FREDERIK POLUAN,DIREKTUR,INDIVIDU
1226,CAHAYA INTAN,HASHIM S DJOJOHADIKUSUMO,DIREKTUR,INDIVIDU
1227,CAHAYA INTAN,PTARSARI PRATAMA,BADAN HUKUM,PERUSAHAAN
1228,CAKRA PRATAMA ABADI,SILVIA YAP,KOMISARIS,INDIVIDU
1229,CAKRA PRATAMA ABADI,JOHNNY DJUARI,DIREKTUR,INDIVIDU
1230,CAKRA PRATAMA ABADI,TANTIONO,DIREKTUR UTAMA,INDIVIDU
1231,DELI INDONESIA RAYA,LAI HONG,DIREKTUR UTAMA,INDIVIDU
1232,DELI INDONESIA RAYA,LIMAS ANANTO,DIREKTUR UTAMA,INDIVIDU
1233,DELI INDONESIA RAYA,DJUNAIDI HARDI,KOMISARIS UTAMA,INDIVIDU
1234,DELI INDONESIA RAYA,JUHADI,DIREKTUR,INDIVIDU
1235,DELI INDONESIA RAYA,ARIFIN / ARIFIN TAN,DIREKTUR,INDIVIDU
1236,DELI INDONESIA RAYA,RATIH ANGGARAINI,DIREKTUR,INDIVIDU
1237,DELI INDONESIA RAYA,ARIFIN,KOMISARIS,INDIVIDU
1238,DELI PRATAMA NUSANTARA,SUKI,KOMISARIS,INDIVIDU
1239,DELI PRATAMA NUSANTARA,HARYANTO SOFIAN,DIREKTUR,INDIVIDU
1240,DELI PRATAMA NUSANTARA,PT DELI SAHABAT SEJAHTERA,BADAN HUKUM,PERUSAHAAN
1241,DELI PRATAMA NUSANTARA,PTSINAR DELI,BADAN HUKUM,PERUSAHAAN
1242,DELI PRATAMA NUSANTARA,PT DELI INDONESIA RAYA,BADAN HUKUM,PERUSAHAAN
1243,HAKIMPERKASA INTERNIAGA,Novita Hakim,DIREKTUR,INDIVIDU
1244,KEIKIRA BERSAMA NUSANTARA,PENNY IRIANA TRIKAMANDANI,KOMISARIS,INDIVIDU
1245,KEIKIRA BERSAMA NUSANTARA,RIO RAKHMAT BRAMANTIO,DIREKTUR,INDIVIDU
1246,KOMPAK SAHABAT BERJAYA,ARBI LEO,KOMISARIS UTAMA,INDIVIDU
1247,KOMPAK SAHABAT BERJAYA,NJO HENDWI WIJAYA,KOMISARIS,INDIVIDU
1248,KOMPAK SAHABAT BERJAYA,ANDRIAS WIBOWO,DIREKTUR,INDIVIDU
1249,MANTRA DAHANA INVESTA,ANANDA NUGRAHA ANSHARI,DIREKTUR,INDIVIDU
1250,MANTRA DAHANA INVESTA,DZAKI ADINDA HUSNA,KOMISARIS,INDIVIDU
1251,MULIA ANUGERAH SEJAHTERA,JEREMY SUHARDIMAN,DIREKTUR,INDIVIDU
1252,MULIA ANUGERAH SEJAHTERA,MAX MELKYZEDECK SUHARDIMAN,DIREKTUR,INDIVIDU
1253,MULIA ANUGERAH SEJAHTERA,PTSUN MEDIA PRATAMA,BADAN HUKUM,PERUSAHAAN
1254,MULIA ANUGERAH SEJAHTERA,DANIEL SUHARDIMAN,DIREKTUR,INDIVIDU
1255,MULIA ANUGERAH SEJAHTERA,ISA MELKYZEDECK SUHARDIMAN,KOMISARIS,INDIVIDU
1256,MULIA ANUGERAH SEJAHTERA,HENDRIK SUHARDIMAN,KOMISARIS UTAMA,INDIVIDU
1257,MULIA ANUGERAH SEJAHTERA,TEGUH PAMUDJI YUSUF,DIREKTUR UTAMA,INDIVIDU
1258,MULIA ANUGERAH SEJAHTERA,JOHNY SUHARDIMAN,KOMISARIS,INDIVIDU
1259,MULTITAMA BAKTI GEMILANG,TANTIONO,DIREKTUR,INDIVIDU
1260,MULTITAMA BAKTI GEMILANG,SILVIA YAP,KOMISARIS,INDIVIDU
1261,MULTITAMA BAKTI GEMILANG,PT TRI JAYA PRAKARSA,BADAN HUKUM,PERUSAHAAN
1262,MULTITAMA BAKTI GEMILANG,PT PRIMARINDO RAYA SEJAHTERA,BADAN HUKUM,PERUSAHAAN
1263,MULTITAMA BAKTI GEMILANG,PT ADIKARSA JAYA KENCANA,BADAN HUKUM,PERUSAHAAN
1264,MULTITAMA BAKTI GEMILANG,PT CAKRA PRATAMA ABADI,BADAN HUKUM,PERUSAHAAN
1265,NIPSEA MARTAPURA,MEITJE KUSNADI,KOMISARIS,INDIVIDU
1266,NIPSEA MARTAPURA,HARI SOEMANTO,DIREKTUR,INDIVIDU
1267,NIPSEA MARTAPURA,LENY HAKIM,PRESIDEN KOMISARIS,INDIVIDU
1268,NIPSEA MARTAPURA,JEFRY HAKIM,DIREKTUR,INDIVIDU
1269,NIPSEA MARTAPURA,Rachman Hakim,PRESIDEN DIREKTUR,INDIVIDU
1270,NIPSEA MARTAPURA,PTAlter Abadi Tbk,BADAN HUKUM,PERUSAHAAN
1271,SINAR DELI,ARIFIN,KOMISARIS,INDIVIDU
1272,SINAR DELI,"MIKY BARRITO PUTRA, ST.",DIREKTUR,INDIVIDU
1273,SINAR DELI,JUHADI,DIREKTUR,INDIVIDU
1274,SINAR DELI,PT DELI INDONESIA SEJAHTERA,BADAN HUKUM,PERUSAHAAN
1275,ADIKARSA JAYA KENCANA,SILVIA YAP,KOMISARIS,INDIVIDU
1276,ADIKARSA JAYA KENCANA,PT CAKRA PRATAMA ABADI,BADAN HUKUM,PERUSAHAAN
1277,ADIKARSA JAYA KENCANA,TANTIONO,DIREKTUR,INDIVIDU
1278,ARSARI PRATAMA,S INDRAWATI DJOJOHADIKUSUMO,DIREKTUR,INDIVIDU
1279,ARSARI PRATAMA,HASHIM S DJOJOHADIKUSUMO,DIREKTUR UTAMA,INDIVIDU
1280,ARSARI PRATAMA,ARYO P S DJOJOHADIKUSUMO,KOMISARIS,INDIVIDU
1281,ARSARI PRATAMA,THOMAS A M DJIWANDONO,DIREKTUR,INDIVIDU
1282,ARSARI PRATAMA,R SARASWATI D DJOJOHADIKUSUMO,KOMISARIS,INDIVIDU
1283,ARSARI PRATAMA,ANIE H DJOJOHADIKUSUMO,KOMISARIS UTAMA,INDIVIDU
1284,ARSARI PRATAMA,BAMBANG SJAMSURIDZAL ATMADJA,DIREKTUR,INDIVIDU
1285,DELI SAHABAT SEJAHTERA,PT DUTA PRATAMA SINTRA,BADAN HUKUM,PERUSAHAAN
1286,DELI SAHABAT SEJAHTERA,SUKI,KOMISARIS,INDIVIDU
1287,DELI SAHABAT SEJAHTERA,PT DELI INDONESIA RAYA,BADAN HUKUM,PERUSAHAAN
1288,DELI SAHABAT SEJAHTERA,PT TRIUM PUTRA PRIMA,BADAN HUKUM,PERUSAHAAN
1289,DELI SAHABAT SEJAHTERA,HARYANTO SOFIAN,DIREKTUR,INDIVIDU
1290,PRIMARINDO RAYA SEJAHTERA,SILVIA YAP,KOMISARIS,INDIVIDU
1291,PRIMARINDO RAYA SEJAHTERA,PT CAKRA PRATAMA ABADI,BADAN HUKUM,PERUSAHAAN
1292,PRIMARINDO RAYA SEJAHTERA,TANTIONO,DIREKTUR,INDIVIDU
1293,SUN MEDIA PRATAMA,JEREMY SUHARDIMAN,DIREKTUR,INDIVIDU
1294,SUN MEDIA PRATAMA,TEGUH PAMUDJI YUSUF,DIREKTUR UTAMA,INDIVIDU
1295,SUN MEDIA PRATAMA,JOHNY SUHARDIMAN,KOMISARIS,INDIVIDU
1296,SUN MEDIA PRATAMA,ISA MELKYZEDECK SUHARDIMAN,KOMISARIS,INDIVIDU
1297,SUN MEDIA PRATAMA,MAX MELKYZEDECK SUHARDIMAN,DIREKTUR,INDIVIDU
1298,SUN MEDIA PRATAMA,HENDRIK SUHARDIMAN,KOMISARIS UTAMA,INDIVIDU
1299,SUN MEDIA PRATAMA,IWAN SUHARDIMAN,KOMISARIS UTAMA,INDIVIDU
1300,TRI JAYA PRAKARSA,SILVIA YAP,KOMISARIS,INDIVIDU
1301,TRI JAYA PRAKARSA,PT CAKRA PRATAMA ABADI,BADAN HUKUM,PERUSAHAAN
1302,TRI JAYA PRAKARSA,TANTIONO,DIREKTUR,INDIVIDU
1303,HAKIMPERKASA INTERNIAGA,Novita Hakim,KOMISARIS,INDIVIDU
1304,DUTA PRATAMA SINTRA,FAM MUI CIN,KOMISARIS,INDIVIDU
1305,DUTA PRATAMA SINTRA,SUKI,DIREKTUR,INDIVIDU
1306,TRIUM PUTRA PRIMA,NURAINI,KOMISARIS,INDIVIDU
1307,TRIUM PUTRA PRIMA,KEVIN KLENSIA,KOMISARIS,INDIVIDU
1308,TRIUM PUTRA PRIMA,HARYANTO SOFIAN,DIREKTUR,INDIVIDU
1309,HAKIMPERKASA INTERNIAGA,Novita Hakim,DIREKTUR UTAMA,INDIVIDU
