,NAMA_PERUSAHAAN,NIB,NPWP,ALAMAT,NO_TELP,EMAIL,NO_AKTA,NO_SK,JENIS_PERUSAHAAN,STATUS_NIB
582,CV 3G TRUST,220104392145.0,756188991304000.0,"JALAN ALEXANDER, BUKITINTAN, KOTA PANGKAL PINANG, KEPULAUAN BANGKA BELITUNG",0717-9100150,cv.3gtrust@gmail.com,3.0,,,
414,PT ADARA JALA SAMUDERA,712210018919.0,534204680315000.0,"JALAN JENDERAL SUDIRMAN NOMOR 236 LINGKUNGAN SUDIMAMPIR, SUNGAILIAT, KAB. BANGKA, KEPULAUAN BANGKA BELITUNG",08122000607,adara.dok@gmail.com,16.0,,Perseroan Terbatas (PT),
1233,PT ADIKARSA JAYA KENCANA,9120005551512.0,911316859657000.0,"JL. DR. WAHIDIN NO. 120 KAV. B, BADAU, KAB. MALANG, JAWA TIMUR",0341425164,adikarsakencana@gmail.com,93.0,,,
444,PT ADITYA BUANA INTER,9120319152161.0,16564593039000.0,"PERTOKOAN TOMANG TOL RAYA A1/14, LANTAI IV, RUANG 401, KEBON JERUK, KOTA ADM. JAKARTA BARAT, DKI JAKARTA",0215807047,pt_aditya_buana_inter@yahoo.com,1950.0,,Perseroan Terbatas (PT),
166,PT AEGA PRIMA,220200602525.0,27624295304000.0,"KOMPLEK INDUSTRI DAN PELABUHAN AIR KANTUNG SUNGALIAT, SUNGAILIAT, KAB. BANGKA, KEPULAUAN BANGKA BELITUNG",071796016,info.aegaprima@arsari.co.id,28.0,,Perseroan Terbatas (PT),
259,CV AGUNG SANGUN JAYA,1210210046348.0,24818486304000.0,"JALAN KULAN, GERUNGGANG, KOTA PANGKAL PINANG, KEPULAUAN BANGKA BELITUNG",082280795670,cv.agungsj@gmail.com,1.0,,Persekutuan Komanditer (CV / Commanditaire Vennootschap),
731,PT AIRA SILIKA BILITON,2010230069876.0,507725869018000.0,"JALAN SETIABUDI BARAT, NO. 3, GROGOL PETAMBURAN, KOTA ADM. JAKARTA SELATAN, DKI JAKARTA",081380414132,airasilikabiliton@gmail.com,13.0,,Perseroan Terbatas (PT),
824,PT AKAR BUMINDO RESOURCES,1215000131749.0,410890057043000.0,"KIRANA TWO OFFICE TOWER LT. 8, UNIT E, JL. BOULEVARD TIMUR NO. 88, KELAPA GADING, KOTA ADM. JAKARTA UTARA, DKI JAKARTA",02129364412,sukseskaryahutani@yahoo.com,2.0,,,
211,PT ALBETA MAJU SUKSES,9120102861663.0,746321934305000.0,JALAN SUMATERA NOMOR 45 02/01 DAMAR KAB. BELITUNG TIMUR KEPULAUAN BANGKA BELITUNG,082280615808,,,,Perseroan Terbatas (PT),Aktif
510,PT ALBETA SUKSES MAKMUR,808220049339.0,600661482305000.0,"DUSUN DAMAR, DAMAR, KAB. BELITUNG TIMUR, KEPULAUAN BANGKA BELITUNG",082280615808,albetasuksesmakmur@gmail.com,1.0,,Perseroan Terbatas (PT),
352,PT ALDITA KWARSAINDO MAKMUR,220009761149.0,906125836041000.0,"RUKO MITRA BAHARI II BLOK E. 12 JL. PAKIN RAYA NO. 1, PENJARINGAN, KOTA ADM. JAKARTA UTARA, DKI JAKARTA",0216616380,yudianto.psip@yahoo.com,28.0,,Perseroan Terbatas (PT),
826,PT ALDMIC BARA INDONESIA,1011210023836.0,530942853039000.0,"JALAN ARJUNA UTARA NO.9C, KEBON JERUK, KOTA ADM. JAKARTA BARAT, DKI JAKARTA",082168010021,Willy@aldmic.com,10.0,,,
759,PT ALTER ABADI TBK,9120314022236.0,11034857033000.0,"GEDUNG ASEAN TOWER LANTAI 5, JALAN KIAI HAJI SAMANHUDI NOMOR 10, SAWAH BESAR, KOTA ADM. JAKARTA PUSAT, DKI JAKARTA",081223855882,legal.alterabadigroup@gmail.com,85.0,,,
477,PT AMIN MAKMUR BERSAMA,220202701077.0,953931730047000.0,"THE SUITES TOWER LANTAI 12, JALAN BOULEVARD PANTAI INDAH KAPUK NOMOR 1, KAV OFS NOMOR 1205, PENJARINGAN, KOTA ADM. JAKARTA UTARA, DKI JAKARTA",02122510550,aminmakmur1212@gmail.com,31.0,,,
0,PT ANEKA KAOLINE UTAMA,8120310082744.0,12769022308000.0,"JL. MURAI RT. 07 RW 11 DUSUN AIR RAYA TIMUR I, TANJUNG PANDAN, KAB. BELITUNG, KEPULAUAN BANGKA BELITUNG",0719-23021,ptanekakaolineutama@gmail.com,74.0,,,
840,PT ANINDITA NATA TIARA,1111240202727.0,312297450043000.0,"JL.RAYA KELAPA HIBRIDA PF-29/10, PEGANGSAAN DUA, KELAPA GADING, KOTA ADM. JAKARTA UTARA, DKI JAKARTA",02145844449,ptaninditanatat@gmail.com,2.0,,,
3,CV ANUGERAH KREATIF MANDIRI,410230060946.0,505934737733000.0,JALAN BRIGADIR JENDERAL HAJI HASAN BASRI NOMOR 21 003/001 TAPIN UTARA KAB. TAPIN KALIMANTAN SELATAN,081251949494,,,,Persekutuan Komanditer (CV / Commanditaire Vennootschap),Aktif
210,PT ANUGERAH KREATIF MANDIRI,9120200892339.0,315187740451000.0,JALAN JADE SELATAN I NOMOR 16. PONDOK HIJAU GOLF. 003/002 KELAPA DUA KAB. TANGERANG BANTEN,0811990756,,,,Perseroan Terbatas (PT),Aktif
648,PT ANUGRAH MINING NUSANTARA,1309230123541.0,503728552027000.0,"CITRA TOWER KEMAYORAN, LEVEL 3 BLOK A6, JL. BENYAMIN SUEB JL. CASA NO.170, KEMAYORAN, KOTA ADM. JAKARTA PUSAT, DKI JAKARTA",02165868029,pt.anugrahminingnusantara@gmail.com,10.0,,,
180,PT ARCHIE EXPERANZA MANUNGGAL,220707940111.0,956840342048000.0,"WISMA SMR LT 5 , JL YOS SUDARSO KAV 89  010/011  KOTA ADM. JAKARTA UTARA DKI JAKARTA",081316279168,,,,Perseroan Terbatas (PT),Aktif
845,PT ARIES KENCANA SEJAHTERA,8120213041324.0,708958301315000.0,"JALAN HALMAHERA DUSUN SIGAMBIR, PEMALI, KAB. BANGKA, KEPULAUAN BANGKA BELITUNG",085267447459,aksbangka.tin@gmail.com,11.0,,,
848,PT ARKADIA MANDIRI SEJAHTERA,1110230087224.0,506602499032000.0,"HAYAM WURUK PLAZA TOWER LT. 8, JL. HAYAM WURUK NO. 108, TAMAN SARI, KOTA ADM. JAKARTA BARAT, DKI JAKARTA",081388881406,arkadiamandirisejahtera@gmail.com,1.0,,,
1098,PT ARMADA SAMUDRA PERSADA,276010142358.0,25410499048000.0,"JL.GRIYA UTAMA KOMP. RUKAN PURI MUTIARA BLOK D/115,SUNTER AGUNG,TANJUNG PRIOK,JAKARTA UTARA., SAWAH BESAR, KOTA ADM. JAKARTA UTARA, DKI JAKARTA",02165310268,asp.persada115@gmail.com,48.0,,,
852,PT ARSARI MULTI TAMBANG,220104590459.0,841388168726000.0,"GEDUNG SAHID SUDIRMAN CENTER, LANTAI 50 UNIT C, JALAN JENDRAL SUDIRMAN NO. 86, TANAH ABANG, KOTA ADM. JAKARTA PUSAT, DKI JAKARTA",0542735027,corsec_amt@arsari.co.id,38.0,,,
1106,PT ARSARI PRADANA UTAMA,9120106642765.0,33096702077000.0,"GEDUNG MIDPLAZA II LANTAI 6, JL. JENDERAL SUDIRMAN KAV.10-11, TANAH ABANG, KOTA ADM. JAKARTA PUSAT, DKI JAKARTA",0215732988,corsec_apu@arsari.co.id,58.0,,,
1246,PT ARSARI PRATAMA,2202240277582.0,27968908022000.0,"GEDUNG MID PLAZA 2 LANTAI 6, JL. JEND. SUDIRMAN KAV. 10-11, TANAH ABANG, KOTA ADM. JAKARTA PUSAT, DKI JAKARTA",0215732988,corsec_ap@arsari.co.id,104.0,,,
857,PT ARSARI TAMBANG,1271000731054.0,29309051022000.0,"GEDUNG MID PLAZA 2 LANTAI 6, JL. JEND. SUDIRMAN KAV. 10-11, TANAH ABANG, KOTA ADM. JAKARTA PUSAT, DKI JAKARTA",0215732988,corsec_at@arsari.co.id,25.0,,,
656,PT ARTABUMI SENTOSA INDONESIA,1503230041984.0,402028690304000.0,"PERUMAHAN GRAHA LOKA SELINDUNG JALAN DAMAR 4 BLOK A5-A6 NOMOR 6, GABEK, KOTA PANGKAL PINANG, KEPULAUAN BANGKA BELITUNG",081293781707,pt.artabumisentosaindonesia@gmail.com,26.0,,,
766,PT ARTHA CIPTA LANGGENG,9120402242609.0,22388060011000.0,"TAMARA CENTER JLN. JEND SUDIRMAN KAV.24, SETIABUDI, SETIABUDI, KOTA ADM. JAKARTA SELATAN, DKI JAKARTA",07174256469,pt_acl@yahoo.co.id,67.0,,Perseroan Terbatas (PT),
596,PT ARTHA MINERATAMA LESTARI,511220006723.0,614716900315000.0,"KOMPLEK PERUMAHAN BANGKA ASRI BLOK MURAI NO. 36, PANGKALAN BARU, KAB. BANGKA TENGAH, KEPULAUAN BANGKA BELITUNG",082269051373,arthamineratamalestari@gmail.com,9.0,,Perseroan Terbatas (PT),
210,PT ARTHA PERSADA SEJAHTERA,508220054692.0,761270461011000.0,"TAMARA CENTER LANTAI 12, JLN. JEND SUDIRMAN KAV. 24, SETIABUDI, KOTA ADM. JAKARTA SELATAN, DKI JAKARTA",0212525668,apsbangkabelitung@gmail.com,71.0,,Perseroan Terbatas (PT),
536,PT ARVENTA KARYA GEMILANG,270010242836.0,969404839301000.0,"JL. GAJAH RAYA BLOK I NO. 11, RT. 009, RW. 002, KALIDONI, KOTA PALEMBANG, SUMATERA SELATAN",081933366448,siwihendra@yahoo.com,11.0,,Perseroan Terbatas (PT),
820,PT ARYA PRIMA SENTOSA,9120218250132.0,17236985305000.0,"JL. RAYA BADAU KILOMETER 16-17, BADAU, KAB. BELITUNG, KEPULAUAN BANGKA BELITUNG",02122673266,aryaprimasentosa@gmail.com,208.0,,,
485,PT ASIA POWER SEJAHTERA,2505220065783.0,655079242305000.0,"JALAN ABDUL RAHMAN, BADAU, KAB. BELITUNG, KEPULAUAN BANGKA BELITUNG",081511779588,asiapowersejahtera@gmail.com,16.0,,Perseroan Terbatas (PT),
45,PT ATD MAKMUR MANDIRI,8120200743419.0,23464399315000.0,"KAWASAN INDUSTRI DAN PELABUHAN AIR KANTUNG, SUNGAILIAT, KAB. BANGKA, KEPULAUAN BANGKA BELITUNG",081210667092,leo@atdmmj.com,5.0,,,
1117,PT AZZAHRA CITRA PERKASA,9120115040821.0,25042409086000.0,"RUKO BOTANICAL BLOK H-7/21. JL RAYA JOGLO KEMBANGAN, KEMBANGAN, KOTA ADM. JAKARTA BARAT, DKI JAKARTA",021-7393872,azzahracitraperkasa@gmail.com,70.0,,,
4,PT BABEL INTI PERKASA,9120203202626.0,25722661305000.0,"JL. TENGAH DUSUN LINTANG, SIMPANG RENGGIANG, KAB. BELITUNG TIMUR, KEPULAUAN BANGKA BELITUNG",081949441136,hrdbip2013@gmail.com,829.0,,Perseroan Terbatas (PT),
185,PT BABEL RESOURCES,3005230101717.0,408224046043000.0,GEDUNG CITRA TOWER KEMAYORAN LANTAI 15 UNIT E & F JL. BENYAMIN SUAEB 00/00 KEMAYORAN KOTA ADM. JAKARTA PUSAT DKI JAKARTA,0816823271,,,,Perseroan Terbatas (PT),Aktif
59,PT BABEL SURYA ALAM LESTARI,8120010130437.0,20928529305000.0,"JL.MANGGAR TENGAH RT.016B/RW.05 KELEKAK DATUK, DESA BADAU, KEC.BADAU, TANJUNG PANDAN, BADAU, KAB. BELITUNG, KEPULAUAN BANGKA BELITUNG",087812708701,babelsuryaalamlestari.oss@gmail.com,42.0,,,
30,PT BABELLAND,9120007481619.0,20926093305000.0,"JL. PILANG NO. 219, TANJUNG PANDAN, KAB. BELITUNG, KEPULAUAN BANGKA BELITUNG",081929777974,pt.babelland@gmail.com,9.0,,,
421,PT BANGKA CIPTA PRATAMA,9120009251583.0,32504342044000.0,"JALAN SEANGAIN 3, PANGKAL BALAM, KOTA PANGKAL PINANG, KEPULAUAN BANGKA BELITUNG",+6281385896244,bangkaciptapratama27@gmail.com,3.0,,Perseroan Terbatas (PT),
287,PT BANGKA MINERAL ABADI,220100210348.0,920566510304000.0,"JALAN DEPATI HAMZAH, BUKITINTAN, KOTA PANGKAL PINANG, KEPULAUAN BANGKA BELITUNG",085208880999,bangkamineral.pkp@gmail.com,12.0,,Perseroan Terbatas (PT),
197,CV BANGKA MINERATAMA MANDIRI,2601220017207.0,930127600304000.0,JL ALEXANDER RUKO F 18 CITRALAND BOTANICAL GARDEN CITY 001/002 BUKITINTAN KOTA PANGKAL PINANG KEPULAUAN BANGKA BELITUNG,+6281379070308,,,,Persekutuan Komanditer (CV / Commanditaire Vennootschap),Aktif
61,PT BANGKA PRIMA TIN,2302220014819.0,27624832315000.0,"JL.RAYA PANGKOL, BADAU, KAB. BANGKA TENGAH, KEPULAUAN BANGKA BELITUNG",087812708701,bangkaprimatin77@gmail.com,2.0,,,
380,CV BANGKA SAMUDRA PRATAMA,241010000686.0,846907616304000.0,"JL ALEXANDER RUKO F 18 CITRALAND BOTANICAL CITY, BUKITINTAN, KOTA PANGKAL PINANG, KEPULAUAN BANGKA BELITUNG",082181553669,cvbspratama@gmail.com,13.0,,Persekutuan Komanditer (CV / Commanditaire Vennootschap),
383,PT BANGKA SAMUDRA PRATAMA,1273000650629.0,832882757304000.0,"PERUMAHAN CITRALAND BOTANICAL CITY, BUKITINTAN, KOTA PANGKAL PINANG, KEPULAUAN BANGKA BELITUNG",0717435758,bangkasamudrapratama@gmail.com,8.0,,Perseroan Terbatas (PT),
79,PT BANGKA SERUMPUN,9120007761712.0,25470048315000.0,"DESA RANGGAS, DUSUN 02 BELAWI, AIR GEGAS, KAB. BANGKA SELATAN, KEPULAUAN BANGKA BELITUNG",07179106508,ptbangkaserumpun@yahoo.com,19.0,,,
191,PT BANGKA SILICA ABADI,2401220065188.0,539065615304000.0,"JL ALEXANDER RUKO F 18 KOMPLEK CITRALAND BOTANICAL CITY

 002/001 BUKITINTAN KOTA PANGKAL PINANG KEPULAUAN BANGKA BELITUNG",081289998598,,,,Perseroan Terbatas (PT),Aktif
187,CV BANGKA TIMAH MAKMUR,1282000231681.0,24904187315000.0,"JL. JELITIK KAWASAN INDUSTRI, SUNGAILIAT, KAB. BANGKA, KEPULAUAN BANGKA BELITUNG",08119753815,btm_bangka@yahoo.co.id,5.0,,Persekutuan Komanditer (CV / Commanditaire Vennootschap),
37,PT BANGKA TIN INDUSTRY,8120106703916.0,18695791308000.0,"KAWASAN INDUSTRI JELITIK SUNGAILIAT, SUNGAILIAT, KAB. BANGKA, KEPULAUAN BANGKA BELITUNG",7259797,ossbangkatinindustry@gmail.com,22.0,,Perseroan Terbatas (PT),
221,PT BANGUNAN AGUNG,8120018170661.0,20929386305000.0,JALAN JEND. SUDIRMAN 12/03 TANJUNG PANDAN KAB. BELITUNG KEPULAUAN BANGKA BELITUNG,0213802865,,,,Perseroan Terbatas (PT),Aktif
807,PT BANTALA MITRA SUKSES,1912230254291.0,995438017021000.0,"GEDUNG JAYA LANTAI 9 UNIT A02, JALAN M.H. THAMRIN NOMOR 12, MENTENG, KOTA ADM. JAKARTA PUSAT, DKI JAKARTA",0218305555,bantalamitra@gmail.com,50.0,,Perseroan Terbatas (PT),
714,PT BASEL MINING SEJAHTERA,9120206181143.0,26343681304000.0,"JL. AIR MAWAR DALAM, BUKITINTAN, KOTA PANGKAL PINANG, KEPULAUAN BANGKA BELITUNG",07179116624,info.baselminingsejahtera@gmail.com,52.0,,,
176,PT BASKARA SILICA MAKMUR,2401220082828.0,539087445304000.0,"JL ALEXANDER RUKO F 18 KOMPLEK CITRALAND BOTANICAL CITY

 002/001  KOTA PANGKAL PINANG KEPULAUAN BANGKA BELITUNG",081289998598,,,,Perseroan Terbatas (PT),Aktif
172,PT BATARA PANCAR JAYA MINERAL,1512210044085.0,535341705304000.0,JALAN M SALEH ZAINUDDIN NOMOR: 88 006/002 GABEK KOTA PANGKAL PINANG KEPULAUAN BANGKA BELITUNG,08117851171,,,,Perseroan Terbatas (PT),Aktif
214,CV BAYU MANDIRI PRATAMA,9120603712144.0,18809301308000.0,JALAN RAYA GUNUNG GANGSIR 001/006 BEJI KAB. PASURUAN JAWA TIMUR,085267117795,,,,Persekutuan Komanditer (CV / Commanditaire Vennootschap),Aktif
167,PT BELANTARA JAYA LESTARI,2103220030107.0,637074964315000.0,GG GALUNGGUNG AIR MERAPIN 36 007/000 SUNGAILIAT KAB. BANGKA KEPULAUAN BANGKA BELITUNG,0818715818,,,,Perseroan Terbatas (PT),Aktif
183,PT BELITONG ANUGRAH PERTIWI,1908230057036.0,500169883305000.0,PERUM. PELANGI BOULEVARD KV.275 012/004 TANJUNG PANDAN KAB. BELITUNG KEPULAUAN BANGKA BELITUNG,081288666525,,,,Perseroan Terbatas (PT),Aktif
793,PT BELITUNG CININDO ANTARBUANA,711220134053.0,703461418305000.0,"JL. JEND. SUDIRMAN, TANJUNG PANDAN, KAB. BELITUNG, KEPULAUAN BANGKA BELITUNG",087774932782,cinindoantarbuana1@gmail.com,28.0,,Perseroan Terbatas (PT),
201,PT BELITUNG INDUSTRI SEJAHTERA,8120000850879.0,741317473418000.0,"JL PASAR KEMIS - CIKUPA KP.PASIR GADUNG, SINDANG JAYA, KAB. TANGERANG, BANTEN",0215904208,oss.belitungindustrisejahterapt@gmail.com,10.0,,,
689,PT BELITUNG INTI PERSADA,111230110701.0,509399440305000.0,"PERUM. PELANGI BOULEVARD KV.275, TANJUNG PANDAN, KAB. BELITUNG, KEPULAUAN BANGKA BELITUNG",081288666525,belitungintipersada@gmail.com,19.0,,Perseroan Terbatas (PT),
432,PT BELITUNG JAYA GEMILANG,504220026795.0,706582400305000.0,"JL. JEND. SUDIRMAN, TANJUNG PANDAN, KAB. BELITUNG, KEPULAUAN BANGKA BELITUNG",087774932782,gemilangbumijaya@gmail.com,11.0,,Perseroan Terbatas (PT),
602,PT BELITUNG KUARI INDAH,2812210008135.0,536145998047000.0,"THE SUITES TOWER LANTAI 12 UNIT 1205, JALAN BOULEVARD PIK KAV.OFS NOMOR 1, PENJARINGAN, KOTA ADM. JAKARTA UTARA, DKI JAKARTA",087774621920,belitungkuarindah@yahoo.com,7.0,,Perseroan Terbatas (PT),
369,PT BELITUNG SAND MINING,9120200211858.0,30522866048000.0,"KOMPLEK PURI MUTIARA, JL. GRIYA UTAMA BLOK C.18-19 SUNTER AGUNG, MANGGAR, KOTA ADM. JAKARTA UTARA, DKI JAKARTA",0818111337,bsm.beltim@gmail.com,24.0,,Perseroan Terbatas (PT),
94,PT BELITUNG SAND MINING,9120200211858.0,30522866048000.0,"KOMPLEK PURI MUTIARA, JL. GRIYA UTAMA BLOK C.18-19 SUNTER AGUNG /  KOTA ADM. JAKARTA UTARA DKI JAKARTA",,,,,Perseroan Terbatas (PT),Aktif
552,PT BELTIM MAKMUR JAYA,1501230026243.0,606345908305000.0,"DUSUN TANJUNG BELANTU, PENJARINGAN, KAB. BELITUNG TIMUR, KEPULAUAN BANGKA BELITUNG",081949028948,beltimmakmurjaya@gmail.com,16.0,,Perseroan Terbatas (PT),
878,PT BERDIKARI SEJAHTERA SENTOSA,2001220009597.0,861816239036000.0,"SOHO CAPITAL @ PODOMORO CITY, LANTAI 37 NOMOR 3709, GROGOL PETAMBURAN, KOTA ADM. JAKARTA BARAT, DKI JAKARTA",08117171558,berdikarisejahtera99@gmail.com,141.0,,,
883,PT BERJAYA BERSAMA KAWAN,504240021858.0,209073923085000.0,"RUKO KALIDERES INDAH 3, JL. PETA BARAT NO. 3A BLOK B, KALIDERES, KOTA ADM. JAKARTA BARAT, DKI JAKARTA",081297065544,berjayabersamak@gmail.com,314.0,,,
611,PT BERKAH ALAM BELITONG,2702230073936.0,400015541416000.0,"JALAN DAAN MOGOT KM 21 PERGUDANGAN 3 MULTI GUNA BLOK D NO 1-2, BATUCEPER, KOTA TANGERANG, BANTEN",081319833750,berkahalambelitong@gmail.com,42.0,,Perseroan Terbatas (PT),
219,PT BERKAH BANGKA MAJU,9120202542342.0,905156899315000.0,JALAN KAWASAN INDUSTRI JELITIK 050/0 SUNGAILIAT KAB. BANGKA KEPULAUAN BANGKA BELITUNG,081212123488,,,,Perseroan Terbatas (PT),Aktif
519,PT BERKAH BERMUDA ENERGI,205010132457.0,966162661304000.0,"JL BASUKI RACHMAD KOMPLEK PERMATA SRIWIJAYA, GIRIMAYA, KOTA PANGKAL PINANG, KEPULAUAN BANGKA BELITUNG",081271110075,bermudaenergy2020@gmail.com,3.0,,Perseroan Terbatas (PT),
643,PT BERKAH BERSAMA RESOURCES,909230042524.0,394118293305000.0,"JL. K.A. DJINAL DUSUN SUGE, SIMPANG PESAK, KAB. BELITUNG TIMUR, KEPULAUAN BANGKA BELITUNG",082181443127,berkahbersamaresources@gmail.com,19.0,,Perseroan Terbatas (PT),
168,PT BERKAH SAMUDERA SEMESTA,2403230037912.0,403129349304000.0,JL. WIDURI BULAN 3 AIR ITAM 001/001 BUKITINTAN KOTA PANGKAL PINANG KEPULAUAN BANGKA BELITUNG,081511663333,,,,Perseroan Terbatas (PT),Aktif
216,PT BERKAH SILICA MULIA,2401220068193.0,539085241304000.0,JL ALEXANDER RUKO F-18 PERUM. CITRALAND BOTANICAL CITY 000/000 BUKITINTAN KOTA PANGKAL PINANG KEPULAUAN BANGKA BELITUNG,082181553669,,,,Perseroan Terbatas (PT),Aktif
446,PT BERKAH SUMBER ALAM,3007220007999.0,31604416047000.0,"JL.MUARA KARANG BLOK Z 3 S, NO. 46, PENJARINGAN, KOTA ADM. JAKARTA UTARA, DKI JAKARTA",08127177177,bsa.berkahsumberalam@gmail.com,9.0,,Perseroan Terbatas (PT),
669,PT BERKAH SUMBER DAYA BELITONG,2702230079079.0,400075495416000.0,"JALAN DAAN MOGOT KM 21 PERGUDANGAN 3 MULTI GUNA BLOK D NO 1-2, BATUCEPER, KOTA TANGERANG, BANTEN",0818713888,berkahsumberdayabelitong@gmail.com,40.0,,Perseroan Terbatas (PT),
639,PT BERKAT ASIA MINERALINDO,2407230117228.0,397360355305000.0,"JL. ABDUL RAHMAN, BADAU, KAB. BELITUNG, KEPULAUAN BANGKA BELITUNG",081511779588,ptberkatasiamineralindo@gmail.com,64.0,,Perseroan Terbatas (PT),
204,PT BERKAT BERJAYA SEJAHTERA,1104220049786.0,761268960011000.0,"TAMARA CENTER LT. 12, JLN. JEND SUDIRMAN KAV. 24, SETIABUDI, KOTA ADM. JAKARTA SELATAN, DKI JAKARTA",0212525667,bbsbangkabelitung@gmail.com,51.0,,Perseroan Terbatas (PT),
685,PT BERLIAN CAHAYA TIMUR,2106230153191.0,393621370305000.0,"JALAN PELATARAN AIR KETEKOK, TANJUNG PANDAN, KAB. BELITUNG, KEPULAUAN BANGKA BELITUNG",082210197869,cahayaberlian545@gmail.com,1.0,,,
641,PT BERLIAN SISI BARAT,2006230127167.0,393689526305000.0,"JALAN DR SUTOMO NOMOR 34, TANJUNG PANDAN, KAB. BELITUNG, KEPULAUAN BANGKA BELITUNG",082210197869,berliansisibarat@gmail.com,7.0,,,
342,PT BERSAHAJA BERKAT SAHABAT JAYA,9120203432925.0,856287941315000.0,"JALAN BUKIT KUALA , NOMOR : 1, SUNGAILIAT, KAB. BANGKA, KEPULAUAN BANGKA BELITUNG",081297065544,bersahajagroup.babel@gmail.com,244.0,,Perseroan Terbatas (PT),
339,CV BERSATU BANGUN PERTIWI,9120114271896.0,32745093305000.0,"JL. DAHLAN, TANJUNG PANDAN, KAB. BELITUNG, KEPULAUAN BANGKA BELITUNG",08127174291,bbppertiwi2012@gmail.com,27.0,,Persekutuan Komanditer (CV / Commanditaire Vennootschap),
708,PT BILITON MUDA GEMILANG,603230064315.0,401127337411000.0,"RUKO BIDEX BLOK F/6 SEKT. II BSD, SERPONG, KOTA TANGERANG SELATAN, BANTEN",02127651960,bilitonmudagemilang@gmail.com,53.0,,Perseroan Terbatas (PT),
164,PT BILITON PRIMA MINERAL,806230041765.0,391612900061000.0,"GRAHA PERMATA PANCORAN BLOK C 2-3 DAN B2, KOMPLEK TRILOKA TNI-AU, JALAN RAYA PASAR MINGGU NOMOR 32 01/04  KOTA ADM. JAKARTA SELATAN DKI JAKARTA",085217919389,,,,Perseroan Terbatas (PT),Aktif
755,PT BILITON SILIKA LESTARI,2704230086946.0,406818203036000.0,"RUKO GARDEN SHOPPING ARCADE BLOK B 08 AL, GROGOL PETAMBURAN, KOTA ADM. JAKARTA BARAT, DKI JAKARTA",082223332111,adm.bsl.operasional@gmail.com,14.0,,Perseroan Terbatas (PT),
753,PT BILITON SUMBER SILIKA,2106230137608.0,393226014036000.0,"RUKO GARDEN SHOPPING ARCADE BLOK B 08 AL, GROGOL PETAMBURAN, KOTA ADM. JAKARTA BARAT, DKI JAKARTA",07179109070,biliton.ss2013@gmail.com,10.0,,Perseroan Terbatas (PT),
631,PT BILLITON PRIMA RESOURCES,2903220047063.0,534329982305000.0,"JL. BARU MEMPIU, DUSUN MEMPIU, MEMBALONG, KAB. BELITUNG, KEPULAUAN BANGKA BELITUNG",08122327888,billitonprima@gmail.com,3.0,,Perseroan Terbatas (PT),
786,CV BILLITON SINAR PERKASA,1008220027526.0,760535989305000.0,"JALAN RAYA PETIKAN, DUSUN PETIKAN, TANJUNG PANDAN, KAB. BELITUNG, KEPULAUAN BANGKA BELITUNG",08117311566,billitonsinarperkasa@gmail.com,21.0,,Persekutuan Komanditer (CV / Commanditaire Vennootschap),
38,CV BILLITON SINAR PERKASA,1008220027526.0,760535989305000.0,JL. FAJAR RT.036 RW.012 036/012 TANJUNG PANDAN KAB. BELITUNG KEPULAUAN BANGKA BELITUNG,085219472993,,,,Persekutuan Komanditer (CV / Commanditaire Vennootschap),Aktif
548,PT BIMBIM TRANSMINERATAMA SEJAHTERA,401220040298.0,536174816304000.0,"JL GIRIMAYA NO. 8, PENJARINGAN, KOTA PANGKAL PINANG, KEPULAUAN BANGKA BELITUNG",081272229004,bts.transmineratama@gmail.com,19.0,,Perseroan Terbatas (PT),
320,PT BINTANG DELAPAN ENAM,227000901053.0,837189679304000.0,"JALAN YANG ZUBAIDAH RUKO GEMILANG NO. 01 RT 09 RW 03, RANGKUI, KOTA PANGKAL PINANG, KEPULAUAN BANGKA BELITUNG",02129021122,bintangdelapanenam@gmail.com,14.0,,Perseroan Terbatas (PT),
317,PT BINTANG MAJU RAHARJA,9120100902157.0,857385033402000.0,"RUKO PINANGSIA BLOK L NOMOR 17 LIPPO KARAWACI, CIBODAS, KOTA TANGERANG, BANTEN",08179981823,adm.bmraharja@gmail.com,9.0,,,
592,PT BINTANGPUSPITA BUMIDWIPA,8120000882309.0,14957609305000.0,"JALAN TARUNA SIMPANG EMPAT NOMOR 18, SIJUK, KAB. BELITUNG, KEPULAUAN BANGKA BELITUNG",02130027545,bbumidwipa@gmail.com,22.0,,Perseroan Terbatas (PT),
4,CV BONANZA,220008620333.0,808997852608000.0,JL. IMAM BONJOL GG.I  000/000 KOTA SUMENEP KAB. SUMENEP JAWA TIMUR,082324393030,,,,Persekutuan Komanditer (CV / Commanditaire Vennootschap),Aktif
101,CV BONANZA,1282000112326.0,12769279308000.0,"JL. MURAI, AIR RAYA TIMUR I 034/011 TANJUNG PANDAN KAB. BELITUNG KEPULAUAN BANGKA BELITUNG",08111117272,,,,Persekutuan Komanditer (CV / Commanditaire Vennootschap),Aktif
118,CV BONANZA,9120002491319.0,27729425516000.0,KRAPYAK RT 003 RW 009 003/009 TAHUNAN KAB. JEPARA JAWA TENGAH,081326796276,,,,Persekutuan Komanditer (CV / Commanditaire Vennootschap),Aktif
144,CV BONANZA,2009210015423.0,21149034201000.0,JL. KAMANG NOMOR 4 002/003  KOTA PADANG SUMATERA BARAT,0895617214150,,,,Persekutuan Komanditer (CV / Commanditaire Vennootschap),Aktif
151,CV BONANZA,9120303242519.0,723839825623000.0,BALEARJOSARI LAND KAVLING 24 001/006  KOTA MALANG JAWA TIMUR,082112481235,,,,Persekutuan Komanditer (CV / Commanditaire Vennootschap),Aktif
228,CV BONANZA,297010040191.0,724735691518000.0,INDUSTRI XVI LIK NO. 657-658 000/000 GENUK KOTA SEMARANG JAWA TENGAH,,,,,Persekutuan Komanditer (CV / Commanditaire Vennootschap),Aktif
232,BONANZA,8120114251103.0,241571694503000.0,SUMUR GUNUNG RT.3 RW.5  GUNUNGPATI KOTA SEMARANG JAWA TENGAH,08112991059,,,,Perorangan,Aktif
633,PT BUKIT HIJAU PANGKALAN BARU,1306230029723.0,404500951304000.0,"JALAN PULAU BANGKA, BUKITINTAN, KOTA PANGKAL PINANG, KEPULAUAN BANGKA BELITUNG",08111552728,ptbukithijaupangkalanbaru@gmail.com,1.0,,Perseroan Terbatas (PT),
57,PT BUKIT TIMAH,8120301830925.0,23911977304000.0,"JL. MALAHAYATI (KETAPANG), BUKITINTAN, KOTA PANGKAL PINANG, KEPULAUAN BANGKA BELITUNG",07174261459,bukit.tmh@gmail.com,191.0,,,
35,PT BUMI HERO PERKASA,8120118100886.0,25721028305000.0,"JL.PERMAI 1, KELEKAK USANG, DESA PERAWAS, TANJUNG PANDAN, KAB. BELITUNG, KEPULAUAN BANGKA BELITUNG",02157935928,taxbhp@gmail.com,18.0,,Perseroan Terbatas (PT),
722,PT BUMI ORE SEJAHTERA,712210045662.0,436039218043000.0,"KIRANA TWO OFFICE TOWER LT. 8 UNIT E, JL. BOULEVARD TIMUR NO. 88, KELAPA GADING, KOTA ADM. JAKARTA UTARA, DKI JAKARTA",02129385781,bos.legal@ever-group.co.id,5.0,,Perseroan Terbatas (PT),
298,PT BUMI SENTOSA PROGRESS,260000902758.0,12768289305000.0,"JL.AIR SERUK KM 10, TANJUNG PANDAN KOTA, SIJUK, KAB. BELITUNG, KEPULAUAN BANGKA BELITUNG",081273724481,pt.bumisentosa68@yahoo.com,5.0,,,
646,PT CAHAYA CELESTA NUSANTARA,2106230181109.0,393759097305000.0,"JALAN PELATARAN AIR KETEKOK, TANJUNG PANDAN, KAB. BELITUNG, KEPULAUAN BANGKA BELITUNG",082210197869,cahayacelesta347@gmail.com,6.0,,,
1123,PT CAHAYA INTAN,1205000740185.0,29301447022000.0,"GEDUNG MID PLAZA 2 LT. 6, JL. JENDERAL SUDIRMAN KAVLING 10-11, TANAH ABANG, KOTA ADM. JAKARTA PUSAT, DKI JAKARTA",0215732988,pt.itci.kartika.utama@gmail.com,9.0,,,
750,PT CAHAYA MANDIRI GEMILANG,1608240010368.0,729472761305000.0,"JL. MADURA, TANJUNG PANDAN, KAB. BELITUNG, KEPULAUAN BANGKA BELITUNG",081933358885,cahayamandirigemilang@yahoo.com,5.0,,,
198,PT CAHAYA SILICA ABADI,2401220079783.0,539086595304000.0,"JL ALEXANDER RUKO F 18 KOMPLEK CITRALAND BOTANICAL CITY 002/001  KOTA PANGKAL PINANG KEPULAUAN BANGKA BELITUNG",082181553669,,,,Perseroan Terbatas (PT),Aktif
230,CV CAHAYA SURYA MENTARI,2701220043218.0,860475557029000.0,"IKA BUILDING, KOMPLEK DUTA MERLIN BLOK B31-B32, JL. GAJAH MADA NO. 3-5 017/008 GAMBIR KOTA ADM. JAKARTA PUSAT DKI JAKARTA",02158351606,,,,Persekutuan Komanditer (CV / Commanditaire Vennootschap),Aktif
449,PT CAHAYA SURYA TIMAH INDOTAMA,8120115240269.0,741318059418000.0,"JL. PASAR KEMIS - CIKUPA, KP. PASIR GADUNG, SINDANG JAYA, KAB. TANGERANG, BANTEN",6282111776387,cahayasuryatimahindotamapt@gmail.com,18.0,,Perseroan Terbatas (PT),
111,PT CAHAYA SURYA TIMAH INDOTAMA,8120115240269.0,741318059418000.0,JL. PASAR KEMIS – CIKUPA KP.PASIRGADUNG 003/001 SINDANG JAYA KAB. TANGERANG BANTEN,082282421239,,,,Perseroan Terbatas (PT),Aktif
895,PT CAHAYA TIMAH BELITUNG JAYA,8120118280065.0,741318331418000.0,"JL. PASAR KEMIS – CIKUPA KP.PASIRGADUNG, SINDANG JAYA, KAB. TANGERANG, BANTEN",082282421239,cahayatimahbelitungjayapt@gmail.com,51.0,,,
901,PT CAHAYA TIMAH GLOBAL MULIA,8120115200669.0,741317663418000.0,"PERUMNAS AIR, TANJUNG PANDAN, KAB. BELITUNG, KEPULAUAN BANGKA BELITUNG",082111776387,cahayatimahglobalmuliapt@gmail.com,29.0,,,
726,PT CAIRO CAOLIN RESOURCES,1509230036636.0,503179046047000.0,"JALAN PANTAI INDAH UTARA II, METRO BROADWAY THE ARCADE BLOK 3 NO. TL, PENJARINGAN, KOTA ADM. JAKARTA UTARA, DKI JAKARTA",0817732818,pt.cairocaolinresources@gmail.com,9.0,,,
1132,PT CAKRA PRATAMA ABADI,9120106591204.0,910263128623000.0,"JALAN RAYA LANGSEP NO. 2, TANJUNG PANDAN, KOTA MALANG, JAWA TIMUR",0341425164,cakrapratamaabadi@gmail.com,92.0,,,
906,PT CANDRA LESTARI SEJAHTERA,812210042085.0,861880441036000.0,"SOHO CAPITAL @ PODOMORO CITY LT. 37, NO.09, GROGOL PETAMBURAN, KOTA ADM. JAKARTA BARAT, DKI JAKARTA",08127171107,info.ptcandralestarisejahtera@gmail.com,140.0,,,
585,PT CELESTA SILICA NUSANTARA,1304230065495.0,406106203305000.0,"JL. JENDRAL SUDIRMAN, TANJUNG PANDAN, KAB. BELITUNG, KEPULAUAN BANGKA BELITUNG",081278138503,celestasilicanusantara@gmail.com,9.0,,,
293,PT CINTA MAPUR INDONESIA,212010271755.0,730621026304000.0,"PERUMAHAN GRAHA PURI CLUSTER ANJANI A-2 NOMOR 1, GABEK, KOTA PANGKAL PINANG, KEPULAUAN BANGKA BELITUNG",02165310268,cmi.persada115@gmail.com,87.0,,Perseroan Terbatas (PT),
172,PT CIPTA MINERAL BUMI SELARAS,107220015994.0,26341842304000.0,"RUKO CITRALAND BOTANICAL CITY BLOK F11 JL. ALEXANDER, KETAPANG, RT. 002 RW. 001, BUKITINTAN, KOTA PANGKAL PINANG, KEPULAUAN BANGKA BELITUNG",02127889019,ciptamineralbs@gmail.com,63.0,,Perseroan Terbatas (PT),
701,PT CUAN BERSAMA SILICA,511230036468.0,399567882305000.0,"JALAN DEPATI GEGEDEK NOMOR 10, TANJUNG PANDAN, KAB. BELITUNG, KEPULAUAN BANGKA BELITUNG",087876211569,cuanbersamasilica@gmail.com,2.0,,Perseroan Terbatas (PT),
912,PT DELI COAL,9120101790797.0,313534075013000.0,"GRAND ITC PERMATA HIJAU LT.8,SUITE B NO.3A,JL.LETJEN.SOEPONO (ARTERI PERMATA HIJAU), KEBAYORAN LAMA, KOTA ADM. JAKARTA SELATAN, DKI JAKARTA",08998951039,delicoal123@gmail.com,6.0,,,
1135,PT DELI INDONESIA RAYA,277011082062.0,754137909013000.0,"GRAND ITC PERMATA HIJAU LANTAI 8 SUITE B NOMOR 3 A, JALAN LETJEN SOEPENO, ARTERI PERMATA HIJAU, TANJUNG PANDAN, KOTA ADM. JAKARTA SELATAN, DKI JAKARTA",021-536644355,deliindonesiaraya@gmail.com,61.0,,,
916,PT DELI PRATAMA MINERAL,1268000722725.0,430252734013000.0,"GRAND ITC PERMATA HIJAU LANTAI 8 SUITE B.1, JALAN LETJEN SOEPENO, ARTERI PERMATA HIJAU, KEBAYORAN LAMA, KOTA ADM. JAKARTA SELATAN, DKI JAKARTA",08998951039,delipratamamineral.pt@yahoo.com,5.0,,,
1142,PT DELI PRATAMA NUSANTARA,262010232136.0,730622479013000.0,"GRAND ITC PERMATA HIJAU LT. 8 SUITE B NO. 3A, JALAN LETJEN SOEPENO (ARTERI PERMATA HIJAU), KEBAYORAN LAMA, KOTA ADM. JAKARTA SELATAN, DKI JAKARTA",021-536644355,dutapratamasintra688@gmail.com,7.0,,,
1286,PT DELI SAHABAT SEJAHTERA,245010040088.0,820554970439000.0,"ITC PERMATA HIJAU LANTAI 8 SUITE B NOMOR 3.A JALAN LETJEN SOEPENO, KEBAYORAN LAMA, KOTA ADM. JAKARTA SELATAN, DKI JAKARTA",02153664355,dsahabatsejahtera@gmail.com,6.0,,,
193,CV DHIKA YOGATAMA,1249000332754.0,312975154017000.0,"RUKO PINANGSIA BLOK L NOMOR 17, LIPPO KARAWACI / CIBODAS KOTA TANGERANG BANTEN",081585627008,,,,Persekutuan Komanditer (CV / Commanditaire Vennootschap),Aktif
697,PT DIANTAMA USAHA MANDIRI,211230097417.0,509336632032000.0,"HAYAM WURUK PLAZA TOWER LT. 8, JL. HAYAM WURUK NO. 108, TAMAN SARI, KOTA ADM. JAKARTA BARAT, DKI JAKARTA",081388881406,diantamausahamandiri@gmail.com,13.0,,,
205,PT DUA SATU UTAMA,220901990441.0,955677174305000.0,JL. RAYA BADAU KM.16 001/001 BADAU KAB. BELITUNG KEPULAUAN BANGKA BELITUNG,087889417973,,,,Perseroan Terbatas (PT),Aktif
229,CV DUA SATU UTAMA,220007622367.0,951628106807000.0,JL. TUN ABDUL RAZAK PERUMAHAN BUMI AROEPALA BLOK A.36  SOMBA OPU KAB. GOWA SULAWESI SELATAN,,,,,Persekutuan Komanditer (CV / Commanditaire Vennootschap),Aktif
920,PT DUAPILAR SELARAS MAJU,2310240264607.0,127116168044000.0,"SPRINGHILL OFFICE TOWER, LT. 9 UNIT B, JL. BENYAMIN SUEB BLOK D6, PADEMANGAN, KOTA ADM. JAKARTA UTARA, DKI JAKARTA",02126051580,duapilarselarasmaju@gmail.com,398.0,,,
1414,PT DUTA PRATAMA SINTRA,9120017090572.0,30372486012000.0,"GD. ARTHA GRAHA LT. 23, JL. JEND. SUDIRMAN KAV. 52-53, KEBAYORAN BARU, KOTA ADM. JAKARTA SELATAN, DKI JAKARTA",(021) 515 0305,dutapratamasintra08@gmail.com,38.0,,,
173,PT DUTA WATU GEOTEK,1710220037981.0,613618586305000.0,JALAN DEPATI GEGEDEK 001/001 TANJUNG PANDAN KAB. BELITUNG KEPULAUAN BANGKA BELITUNG,0813133867810,,,,Perseroan Terbatas (PT),Aktif
922,PT DWIJAYA MAJU BERSAMA,2310240256959.0,129036646044000.0,"SPRINGHILL OFFICE TOWER. LT. 9 UNIT B, JL. BENYAMIN SUEB BLOK D6, PADEMANGAN, KOTA ADM. JAKARTA UTARA, DKI JAKARTA",02126051580,dwijayamajubersama@gmail.com,397.0,,,
18,CV ELYSKA INDO PLANTATION,9120104781778.0,25722240305000.0,"JL. JENDERAL SUDIRMAN, TANJUNG PANDAN, KAB. BELITUNG, KEPULAUAN BANGKA BELITUNG",081271078369,elyska.ip@gmail.com,11.0,,Persekutuan Komanditer (CV / Commanditaire Vennootschap),
2,CV ERA ANUGRAH JAYA,1203250073821.0,1000000000563838.0,PERGUDANGAN RITZ GATE BLOK BC NOMOR 33 / TAMAN KAB. SIDOARJO JAWA TIMUR,087851948222,,,,Persekutuan Komanditer (CV / Commanditaire Vennootschap),Aktif
182,PT ERA ANUGRAH JAYA,1284000640384.0,425221405304000.0,PERUMAHAN TANJUNG BUNGA CLUSTER ANGGREK F234 007/002 BUKITINTAN KOTA PANGKAL PINANG KEPULAUAN BANGKA BELITUNG,08126036488,,,,Perseroan Terbatas (PT),Aktif
223,PT ERA BARU KWARSA,1212220058911.0,620311738416000.0,JALAN DAAN MOGOT KM 21 PERGUDANGAN 3 MULTI GUNA BLOK D NOMOR 1-2 000/000 BATUCEPER KOTA TANGERANG BANTEN,081927222589,,,,Perseroan Terbatas (PT),Aktif
180,PT FACIFIC DIPTAKARYA,220105121233.0,12769329305000.0,"JL. JEND. SUDIRMAN NO. 30, TANJUNG PANDAN, KAB. BELITUNG, KEPULAUAN BANGKA BELITUNG",087884291827,ptfacificdiptakarya01@gmail.com,3.0,,,
251,PT FENG LI MINERAL ABADI,9120504802912.0,27917392044000.0,"JL DARMO PERMAI SELATAN, RUKO DARMO VILLA A12, DUKUH PAKIS, KOTA SURABAYA, JAWA TIMUR",085161338338,ptfenglimineralabadi@gmail.com,59.0,,Perseroan Terbatas (PT),
924,PT GARPATI DAYA INTEGRA,2212220043263.0,620808147013000.0,"JALAN BARU NOMOR 3, KEBAYORAN LAMA, KOTA ADM. JAKARTA SELATAN, DKI JAKARTA",02127095210,garpatidaya.integra@gmail.com,71.0,,,
186,PT GARUDA ARTHA RESOURCES,9120003161979.0,25902271048000.0,"RUKO MITRA SUNTER BLOK B NO.5, JL. MITRA SUNTER BOULEVARD / TANJUNG PRIOK KOTA ADM. JAKARTA UTARA DKI JAKARTA",081281881727,,,,Perseroan Terbatas (PT),Aktif
480,PT GARUDA BELITONG BEREHUN,220209260753.0,818204695305000.0,"JLN. PASIR PUTIH RT.012 RW.005, TANJUNG PANDAN, KAB. BELITUNG, KEPULAUAN BANGKA BELITUNG",082298801323,belitongberehun@gmail.com,66.0,,,
208,PT GARUDA PANCA ARTHA,212210023917.0,533858361022000.0,JL. KADADIUT GG. SAPIL 1 NO . 19 020/006 ARUT SELATAN KAB. KOTAWARINGIN BARAT KALIMANTAN TENGAH,02129912864,,,,Perseroan Terbatas (PT),Aktif
823,PT GASPAR ARTHA AGUNG,1908250050233.0,1000000004826717.0,"JL RUSTAM EFENDI BLOK A 1, PANGKAL BALAM, KOTA PANGKAL PINANG, KEPULAUAN BANGKA BELITUNG",081216446222,agunggasparartha@gmail.com,42.0,,,
224,PT GELORA ABADI PERSADA,2002230061246.0,629096645044000.0,"KOBEXINDO TOWER, JL. PASIR PUTIH RAYA BLOK E-5-D 000/000  KOTA ADM. JAKARTA UTARA DKI JAKARTA",081806777222,,,,Perseroan Terbatas (PT),Aktif
359,PT GUNUNG LEBAK,220105462818.0,11034204315000.0,"JALAN KENANGAN NOMOR 33, BELINYU, KAB. BANGKA, KEPULAUAN BANGKA BELITUNG",0812 8194 285,gununglebak@gmail.com,5.0,,,
928,PT HAKIMPERKASA INTERNIAGA,501230044069.0,16409708021000.0,"JL. SAMANHUDI NOMOR 10, ASEAN TOWER LANTAI 6, SAWAH BESAR, KOTA ADM. JAKARTA PUSAT, DKI JAKARTA",081318037779,pthpi.pusat@gmail.com,13.0,,,
933,PT HAMPARAN INDONESIA BERJAYA,1212220021827.0,620243758416000.0,"JALAN DAAN MOGOT KM 21 PERGUDANGAN 3 MULTI GUNA BLOK D NOMOR 1-2, BATUCEPER, KOTA TANGERANG, BANTEN",08127600736,hamparanindonesiaberjaya@gmail.com,13.0,,,
650,PT HAMPARAN PASIR JAYA,601230051338.0,610923245416000.0,"JALAN DAAN MOGOT KM 21 PERGUDANGAN 3 MULTI GUNA BLOK D NO 1-2, BATUCEPER, KOTA TANGERANG, BANTEN",081319833750,hamparanpasirjaya@gmail.com,20.0,,Perseroan Terbatas (PT),
196,CV HARAPAN MUDA,8120015052971.0,12773958308000.0,JL. JENDERAL SUDIRMAN BLOK II F N0. 173 001/000 SUNGAILIAT KAB. BANGKA KEPULAUAN BANGKA BELITUNG,082186904010,,,,Persekutuan Komanditer (CV / Commanditaire Vennootschap),Aktif
243,PT HARAPAN MUDA PERKASA,8120002990877.0,855344222315000.0,"JL. PELABUHAN PERIKANAN, KAWASAN INDUSTRI JELITIK, SUNGAILIAT, KAB. BANGKA, KEPULAUAN BANGKA BELITUNG",081273466107,harapanmudaperkasa@yahoo.com,8.0,,,
31,CV HARAPAN MUDA PERKASA,1602220049453.0,767526718315000.0,JALAN PELABUHAN PERIKANAN KAWASAN INDUSTRI JELITIK  / SUNGAILIAT KAB. BANGKA KEPULAUAN BANGKA BELITUNG,082186904010,,,,Persekutuan Komanditer (CV / Commanditaire Vennootschap),Aktif
436,PT HASIL ALAM SUKSES PRATAMA,1308210017742.0,210485272304000.0,"JALAN JENDERAL SUDIRMAN NOMOR : 50, GABEK, KOTA PANGKAL PINANG, KEPULAUAN BANGKA BELITUNG",07179109070,pt.hasp02@gmail.com,7.0,,,
296,PT HERO CERAMAS,255000912359.0,25721127305000.0,"JL.JEND. SUDIRMAN, RT 10, RW 04, PK. LALANG, TANJUNG PANDAN, KAB. BELITUNG, KEPULAUAN BANGKA BELITUNG",081273724481,ptheroceramas@gmail.com,41.0,,,
325,PT HERO PROGRES INTERNATIONAL,8120107820039.0,25721200305000.0,"JL.JEND. SUDIRMAN RT.10/04, TANJUNG PANDAN, KAB. BELITUNG, KEPULAUAN BANGKA BELITUNG",082269570658,pt.heroprogresinternational@gmail.com,20.0,,Perseroan Terbatas (PT),
475,PT HORIZON ENERGI NUSANTARA,411210045274.0,531056166416000.0,"THE PROMINENCE OFFICE TOWER LEVEL 28 UNIT C, JALAN JALUR SUTERA BARAT NOMOR 15, PINANG, KOTA TANGERANG, BANTEN",08111737379,pt.horizon.energi.nusantara@gmail.com,8.0,,Perseroan Terbatas (PT),
335,PT HPM BELTIM,2012210003162.0,25720897305000.0,"JALAN RAYA PETIKAN, DUSUN PETIKAN, BADAU, KAB. BELITUNG, KEPULAUAN BANGKA BELITUNG",081272911566,cvhpm.general@gmail.com,3.0,,,
240,CV IKHWAH,302220061538.0,20926713305000.0,"JALAN RAYA PETIKAN, DUSUN PETIKAN, BUKITINTAN, KAB. BELITUNG, KEPULAUAN BANGKA BELITUNG",081272911566,cv.ik.general@gmail.com,2.0,,Persekutuan Komanditer (CV / Commanditaire Vennootschap),
177,PT INDAHSANA LESTARI JAYA,299010101955.0,964901680404000.0,"JL. DESTARATA XIII NO. 07, BOGOR 16153 02/16  KOTA BOGOR JAWA BARAT",0212652758,,,,Perseroan Terbatas (PT),Aktif
576,PT INDO PERSADA SILIKA,1210220075693.0,613040567033000.0,"JL. PROF DR LATUMETEN NO. 33 SEASON CITY UNIT RUKO SH/A/19-20, TAMBORA, KOTA ADM. JAKARTA BARAT, DKI JAKARTA",081270008555,indopersada.silika@gmail.com,127.0,,Perseroan Terbatas (PT),
9,PT INDO TIMAH CAHAYA MULIA,8120116230563.0,741317911418000.0,"PERUMNAS AIR, TANJUNG PANDAN, KAB. BELITUNG, KEPULAUAN BANGKA BELITUNG",082111776387,indotimahcahayamuliapt@gmail.com,28.0,,Perseroan Terbatas (PT),
466,PT INDO TIMAH SUKSES SAMPOERNA,8120013280362.0,741317853418000.0,"DUSUN GUNUNG TIONG, BADAU, KAB. BELITUNG, KEPULAUAN BANGKA BELITUNG",082111776387,indotimahsuksessampoernapt@gmail.com,27.0,,Perseroan Terbatas (PT),
943,PT INDRA PUTRA MEGA,905220011037.0,18608083612000.0,"JL. MAYJEN. SUNGKONO NO. 90, KEBOMAS, KAB. GRESIK, JAWA TIMUR",082229359236,legal.zenny@indoprima-group.co.id,100.0,,,
946,PT INDRA PUTRA MEGA,905220012571.0,18608083612000.0,"JL. MAYJEN. SUNGKONO NOMOR 90, PRAMBANGAN, KEBOMAS, KEBOMAS, KAB. GRESIK, JAWA TIMUR",0313982483,legal.zenny@indoprima-group.co.id,144.0,,,
15,PT INDUSTRI MINERAL BELITUNG,202220048974.0,631639895305000.0,"JALAN KAWASAN INDUSTRI PT. MPL DUSUN SUGE, BADAU, KAB. BELITUNG, KEPULAUAN BANGKA BELITUNG",087896411211,pt.industrimineralbelitung@gmail.com,2.0,,Perseroan Terbatas (PT),
795,PT INTAN ALAM ABADI,9120402812221.0,925984270305000.0,"JL. KELAPA GADING NOMOR 8, TANJUNG PANDAN, KAB. BELITUNG, KEPULAUAN BANGKA BELITUNG",0818713888,intanalamabadi2@gmail.com,25.0,,Perseroan Terbatas (PT),
706,PT INTI MATERIALS UTAMA,2311230122284.0,992198655305000.0,"JL. JEND. SUDIRMAN, TANJUNG PANDAN, KAB. BELITUNG, KEPULAUAN BANGKA BELITUNG",02165300610,intimaterialsutama@gmail.com,17.0,,Perseroan Terbatas (PT),
189,CV IRPAU HERO,9120216190787.0,14958078305000.0,"JL. JENDERAL SUDIRMAN 30, TANJUNG PANDAN, KAB. BELITUNG, KEPULAUAN BANGKA BELITUNG",0811171789,irpauhero.cv@gmail.com,2.0,,Persekutuan Komanditer (CV / Commanditaire Vennootschap),
253,PT IRPAU HERO PROGRES,220004441045.0,945013365305000.0,"JL.JEND.SUDIRMAN NO.38, TANJUNG PANDAN, KAB. BELITUNG, KEPULAUAN BANGKA BELITUNG",08117878780,pt.irpauheroprogres@gmail.com,28.0,,Perseroan Terbatas (PT),
200,PT JABEL TRI BERSAUDARA,9120205331385.0,14957948029000.0,"KOMPLEK DUTA MERLIN BLOK E NOMOR 14-15, JALAN GAJAH MADA NOMOR 3-5, KELURAHAN PETOJO UTARA, KECAMATAN GAMBIR, KOTA ADMINISTRASI JAKARTA PUSAT, PROVINSI DAERAH KHUSUS IBUKOTA JAKARTA. /  KOTA ADM. JAKARTA PUSAT DKI JAKARTA",0216337739,,,,Perseroan Terbatas (PT),Aktif
228,PT JELAJAH MARINDO PERSADA,1226000222464.0,802319335304000.0,"JALAN BUKIT BARU NOMOR : 140, GERUNGGANG, KOTA PANGKAL PINANG, KEPULAUAN BANGKA BELITUNG",0212526999,legaljelajahmarindopersada@gmail.com,20.0,,Perseroan Terbatas (PT),
76,PT JELAJAH MARINDO PERSADA,1226000222464.0,802319335304000.0,JALAN BUKIT BARU NOMOR : 140 / GERUNGGANG KOTA PANGKAL PINANG KEPULAUAN BANGKA BELITUNG,087821032021,,,,Perseroan Terbatas (PT),Aktif
261,PT KAOLIN BELITUNG UTAMA,9120106180885.0,11302569305000.0,"GEDUNG ASEAN TOWER LANTAI 5, JALAN KIAI HAJI SAMANHUDI NOMOR 10, SAWAH BESAR, KOTA ADM. JAKARTA PUSAT, DKI JAKARTA",0213802865,kbu.pusat2@gmail.com,10.0,,,
605,PT KAOLINCLAY MINERAL BELITUNG,1007230286965.0,395673478305000.0,"DUSUN BADAU 3, BADAU, KAB. BELITUNG, KEPULAUAN BANGKA BELITUNG",08111866379,kaolimtu@gmail.com,7.0,,Perseroan Terbatas (PT),
427,PT KAOLINDO BANGKA SEJAHTRA,220004532498.0,755658234315000.0,"JL. BATIN TIKAL NO. 1, BELINYU, KAB. BANGKA, KEPULAUAN BANGKA BELITUNG",085219118787,info.kaolindobangkasejahtra@gmail.com,4.0,,Perseroan Terbatas (PT),
209,CV KAOLINDO INVESTAMA SENTOSA,9120000840438.0,924192453305000.0,JL. KELAPA GADING NO. 8 019/008 TANJUNG PANDAN KAB. BELITUNG KEPULAUAN BANGKA BELITUNG,0818713888,,,,Persekutuan Komanditer (CV / Commanditaire Vennootschap),Aktif
957,PT KAOLINDO SAKTI PERKASA,9120108110382.0,12768750305000.0,"GEDUNG ASEAN TOWER LANTAI 5, JALAN KIAI HAJI SAMANHUDI NOMOR 10, SAWAH BESAR, KOTA ADM. JAKARTA PUSAT, DKI JAKARTA",0213802865,ksp.pusat2@gmail.com,11.0,,,
166,PT KARUNIA ALAM BERSAMA,1502230009144.0,612508812032000.0,JALAN KEBON JERUK XIV RUKO NOMOR 8 014/005 TAMAN SARI KOTA ADM. JAKARTA BARAT DKI JAKARTA,0216248188,,,,Perseroan Terbatas (PT),Aktif
231,PT KARUNIA ANUGERAH ALAM,9120307441901.0,832828743304000.0,"JALAN TPA LINGKUNGAN KENANGA PERMAI, SUNGAILIAT, KAB. BANGKA, KEPULAUAN BANGKA BELITUNG",0821109799,bokaruniaanugerahalam@gmail.com,4.0,,Perseroan Terbatas (PT),
409,CV KARUNIA SEMESTA BERSAMA,2701220028449.0,902840388045000.0,"JL. INDRAMAYU BLOK II A8 NOMOR 91, CILINCING, KOTA ADM. JAKARTA UTARA, DKI JAKARTA",02158351606,ptkaruniasemestabersama@gmail.com,1.0,,Persekutuan Komanditer (CV / Commanditaire Vennootschap),
207,PT KARYA CIPTA LAHANINDO,9120207822723.0,21889308086000.0,JL. PURI KENCANA BLOK K-6 NO. 3-O / KEMBANGAN KOTA ADM. JAKARTA BARAT DKI JAKARTA,02158351606,,,,Perseroan Terbatas (PT),Aktif
175,PT KARYA EMAS MULTISANI,9120206511939.0,24758880043000.0,"RUKAN FRENCH WALK BLOK L-7, KELAPA GADING SQUARE, KELAPA GADING, KOTA ADM. JAKARTA UTARA, DKI JAKARTA",021-45867801,adm.karyaemulti@gmail.com,114.0,,Perseroan Terbatas (PT),
747,PT KARYA INVESTAMA MANDIRI,1709240122231.0,701671851305000.0,"JL. MADURA, TANJUNG PANDAN, KAB. BELITUNG, KEPULAUAN BANGKA BELITUNG",071921388,karyainvestamamandiri@yahoo.com,6.0,,Perseroan Terbatas (PT),
300,PT KARYA MELATI BELITONG,9120003390612.0,904062254305000.0,"DUSUN TANJUNG BELANTU, SIMPANG PESAK, KAB. BELITUNG TIMUR, KEPULAUAN BANGKA BELITUNG",0811699569,karyamelatibelitong@gmail.com,13.0,,Perseroan Terbatas (PT),
366,PT KARYA PUTERA BANGKA BELITUNG,9120103491007.0,800523813305000.0,"JALAN RAYA MANGGAR GANTUNG DUSUN PADANG NOMOR 19, MANGGAR, KAB. BELITUNG TIMUR, KEPULAUAN BANGKA BELITUNG",0818111337,kpbabel.belitung@gmail.com,4.0,,Perseroan Terbatas (PT),
1178,PT KEIKIRA BERSAMA NUSANTARA,809230046169.0,802444737607000.0,"JL. EMBONG MALANG NOMOR 1,3,5 (SUPERBLOCK TUNJUNGAN CITY, TOWER PAKUWON CENTER, NOMOR OF 12-11 DAN OF 12-12, SURABAYA, SAWAH BESAR, KOTA SURABAYA, JAWA TIMUR",0213802865,ptkeikirabersamanusantara@gmail.com,38.0,,,
538,PT KEMILAU KUARSA PERDANA,1402230081128.0,627947310305000.0,"DUSUN SEKIP, MANGGAR, KAB. BELITUNG TIMUR, KEPULAUAN BANGKA BELITUNG",081278679967,kemilaukuarsaperdana@gmail.com,9.0,,,
202,PT KENCANA KAOLIN INDUSTRI,9120200370056.0,18002048033000.0,"JL. DESA AIR SELUMAR, RT. 006/III, AIR SELUMAR, SIJUK 006/III SIJUK KAB. BELITUNG KEPULAUAN BANGKA BELITUNG",02159313032,,,,Perseroan Terbatas (PT),Aktif
454,PT KIAN SUKSES MANDIRI,9120108861456.0,20929568305000.0,"JALAN ABDUL RAHMAN DALAM KM 16 RT 001 RW 001 DESA BADAU, BADAU, KAB. BELITUNG, KEPULAUAN BANGKA BELITUNG",0811717687,ksmkaolin21@gmail.com,131.0,,Perseroan Terbatas (PT),
965,PT KISMA SUKSES MANDIRI,1912230211605.0,995594264014000.0,"JALAN MAMPANG PRAPATAN RAYA NO. 73A, MAMPANG PRAPATAN, KOTA ADM. JAKARTA SELATAN, DKI JAKARTA",0218305555,kismasuksesmandiri@gmail.com,49.0,,,
1180,PT KOMPAK SAHABAT BERJAYA,1903240314241.0,71491740085000.0,"RUKO KALIDERES INDAH 3, JL. PETA BARAT NO. 3A BLOK B, KALIDERES, KOTA ADM. JAKARTA BARAT, DKI JAKARTA",0811905956,kompaksahabatberjaya@gmail.com,23.0,,,
629,PT KONG LUNG MINING,507230193595.0,394996128305000.0,"KAWASAN INDUSTRI PT. MITRA PROPINDO LESTARI, MEMBALONG, KAB. BELITUNG, KEPULAUAN BANGKA BELITUNG",08197528888,kong.lung.mining@gmail.com,12.0,,Perseroan Terbatas (PT),
967,PT KSATRIA INDONESIA EMAS,1908240034293.0,56029648085000.0,"RUKO KALIDERES INDAH 3, JL. PETA BARAT NO.3A BLOK B, KALIDERES, KOTA ADM. JAKARTA BARAT, DKI JAKARTA",081212123488,ksatriaindonesiaemas1@gmail.com,137.0,,,
735,PT KUARSA BABEL MAJU,304230055717.0,401311360025000.0,"JL. BATU CEPER NO.61, GAMBIR, KOTA ADM. JAKARTA PUSAT, DKI JAKARTA",0213505621,Kuarsababelmaju5@gmail.com,4.0,,Perseroan Terbatas (PT),
739,PT KUARSA BELITUNG MAJU,304230063885.0,401313010025000.0,"JL. BATU CEPER NO.61, SAWAH BESAR, KOTA ADM. JAKARTA PUSAT, DKI JAKARTA",0213505621,kuarsabelitungmaju703@gmail.com,3.0,,Perseroan Terbatas (PT),
743,PT KUARSA BELITUNG SUKSES,404230030538.0,401262506025000.0,"JL. BATU CEPER NO.61, GAMBIR, KOTA ADM. JAKARTA PUSAT, DKI JAKARTA",0213505621,belitungkuarsa148@gmail.com,2.0,,Perseroan Terbatas (PT),
199,PT KURNIA MANDIRI ADIPERKASA,8120019141724.0,20948311086000.0,"JL. PURI KENCANA, BLOK K-6 NO.3-O 010/07 KEMBANGAN KOTA ADM. JAKARTA BARAT DKI JAKARTA",02158351606,,,,Perseroan Terbatas (PT),Aktif
226,PT KWARSA PRIMA JAYA,501230061983.0,623319530416000.0,JALAN DAAN MOGOT KM 21 PERGUDANGAN 3 MULTI GUNA BLOK D NOMOR 1-2 000/000 BATUCEPER KOTA TANGERANG BANTEN,0818713888,,,,Perseroan Terbatas (PT),Aktif
417,PT LAUTAN CAHAYA SILICA,2401220083133.0,538504739304000.0,"JL ALEXANDER RUKO F-18 PERUM. CITRALAND BOTANICAL CITY, BUKITINTAN, KOTA PANGKAL PINANG, KEPULAUAN BANGKA BELITUNG",082181553669,lautancahayasilica@gmail.com,29.0,,,
623,PT LAUTAN SINERGI PASIRINDO,1307230031805.0,394047138305000.0,"JL. K.A. DJINAL DUSUN SUGE, SIMPANG PESAK, KAB. BELITUNG TIMUR, KEPULAUAN BANGKA BELITUNG",081297989808,lautansinergipasirindo@gmail.com,20.0,,Perseroan Terbatas (PT),
555,PT LOTUS ESGE SEJAHTERA,2004220037197.0,748600152047000.0,"JALAN JENDRAL SUDIRMAN NOMOR 26, TAMAN SARI, KOTA PANGKAL PINANG, KEPULAUAN BANGKA BELITUNG",02131182866,lotusesgesejahtera@gmail.com,157.0,,Perseroan Terbatas (PT),
482,PT LUDAI GEDE BILITONITE,220209181564.0,716039706036000.0,"THE SUITES TOWER LANTAI 12 UNIT 1205, JALAN BOULEVARD PANTAI INDAH KAPUK KAV.OFS NOMOR 1, PENJARINGAN, KOTA ADM. JAKARTA UTARA, DKI JAKARTA",02153664355,ludaigedebilitonite.info@gmail.com,4.0,,,
799,PT MAKIN MAJU MAKMUR,1309220084186.0,32231110047000.0,"JL.PANTAI INDAH UTARA 2, RUKO CENTRO METRO BROADWAY BLOK B NO 47, PENJARINGAN, KOTA ADM. JAKARTA UTARA, DKI JAKARTA",02130010243,makinmajumakmur.pt@gmail.com,351.0,,Perseroan Terbatas (PT),
60,CV MANDIRI SEJAHTERA ABADI,220106131575.0,728813031602000.0,JALAN MOJOKRAPAK NOMOR 146 /  KAB. JOMBANG JAWA TIMUR,081332044502,,,,Persekutuan Komanditer (CV / Commanditaire Vennootschap),Aktif
112,MANDIRI SEJAHTERA ABADI,1306220063055.0,706336724702000.0,"DUSUN SELOBAT RT/RW: 003/001, DESA BUDUK SEMPADANG, KECAMATAN SELAKAU TIMUR, KABUPATEN SAMBAS 003/001 SELAKAU TIMUR KAB. SAMBAS KALIMANTAN BARAT",082353113463,,,,Koperasi,Aktif
142,CV MANDIRI SEJAHTERA ABADI,9120000521467.0,900382102009000.0,JL. TANAH MERDEKA 008/005 CIRACAS KOTA ADM. JAKARTA TIMUR DKI JAKARTA,085885441399,,,,Persekutuan Komanditer (CV / Commanditaire Vennootschap),Aktif
203,CV MANDIRI SEJAHTERA ABADI,2212220046139.0,764374872305000.0,JALAN AYER TAYU NOMOR B 127 004/002 TANJUNG PANDAN KAB. BELITUNG KEPULAUAN BANGKA BELITUNG,081222566655,,,,Persekutuan Komanditer (CV / Commanditaire Vennootschap),Aktif
220,CV MANDIRI SEJAHTERA ABADI,1247000301634.0,27462860402000.0,JL. KAVLING PERKEBUNAN III NO. 3 005/013 CIBODAS KOTA TANGERANG BANTEN,081388359358,,,,Persekutuan Komanditer (CV / Commanditaire Vennootschap),Aktif
1183,PT MANTRA DAHANA INVESTA,1207000373606.0,418964359013000.0,"JALAN BARU NOMOR 3, KEBAYORAN LAMA, KOTA ADM. JAKARTA SELATAN, DKI JAKARTA",0227095210,pt.mantradahanainvesta@gmail.com,21.0,,,
969,PT MARSHINDO BUMI MINERAL,9120305501363.0,914922521043000.0,"JL. RAYA GADING INDAH M4C NO. 12, KELAPA GADING, KOTA ADM. JAKARTA UTARA, DKI JAKARTA",085216860468,marshindo.officepjk@gmail.com,137.0,,,
246,PT MASBRO ALAM STANIA,8120201971192.0,805892528304000.0,"JALAN TPA LINGKUNGAN KENANGA PERMAI, SUNGAILIAT, KAB. BANGKA, KEPULAUAN BANGKA BELITUNG",08117879979,info.masbroalamstania@gmail.com,6.0,,Perseroan Terbatas (PT),
971,PT MEDIA MULIA INVESTAMA,3101230076764.0,24333940011000.0,"WISMA TAMARA, RUANG 901, JALAN JENDERAL SUDIRMAN, KAVLING 24, SETIABUDI, KOTA ADM. JAKARTA SELATAN, DKI JAKARTA",021-2525667,mediamuliainvestama@gmail.com,92.0,,,
429,PT MEGA ALAM MAKMUR,9120103820633.0,923635858305000.0,"JALAN KELAPA GADING NOMOR 8, BELINYU, KAB. BELITUNG, KEPULAUAN BANGKA BELITUNG",081929717175,megaalammakmur@gmail.com,14.0,,Perseroan Terbatas (PT),
978,PT MERDEKA BERSAMA JAYA,409240099402.0,123749244085000.0,"RUKO KALIDERES INDAH 3, JL. PETA BARAT NO.3A BLOK B RT 001 / RW 007, KALIDERES, KOTA ADM. JAKARTA BARAT, DKI JAKARTA",081213579855,merdekabersamajaya@gmail.com,394.0,,,
782,PT METRIX ABADI RESOURCE,2401230038314.0,624769477063000.0,"GEDUNG GRAHA BIP LANTAI 8 JALAN GATOT SUBROTO NOMOR KAVLING 23, SETIABUDI, KOTA ADM. JAKARTA SELATAN, DKI JAKARTA",081388238852,metrixabadi@gmail.com,5.0,,Perseroan Terbatas (PT),
531,PT MINERAL BANGKA SEJATI,202220034923.0,710892753315000.0,"JL. SULTAN ISKANDAR MUDA (ARTERI PONDOK INDAH) NO. 18G, KEBAYORAN LAMA, KOTA ADM. JAKARTA SELATAN, DKI JAKARTA",08115111888,pt.mbs2022@gmail.com,25.0,,Perseroan Terbatas (PT),
982,PT MINERAL JAYA PERSADA,9120003631147.0,911873396652000.0,"JL. SUNANDAR PRIYO SUDARMO NO.32, KALIDERES, KOTA MALANG, JAWA TIMUR",0341425164,mineralpersada19@gmail.com,5.0,,,
282,PT MINERAL PUTRA BELITUNG MANDIRI,9120107220361.0,845219062305000.0,"JALAN JENDERAL SUDIRMAN RT.035 RW.012, TANJUNG PANDAN, KAB. BELITUNG, KEPULAUAN BANGKA BELITUNG",087774932782,pbm.mineral@gmail.com,118.0,,Perseroan Terbatas (PT),
523,PT MITRA BUMI UTAMA,220107630593.0,32369696315000.0,"JALAN AHMAD YANI KOMPLEK DPRD NOMOR : 33, SUNGAILIAT, KAB. BANGKA, KEPULAUAN BANGKA BELITUNG",628119004014,mitrabumiutama@gmail.com,2.0,,Perseroan Terbatas (PT),
719,PT MITRA CININDO PERKASA,2907230116822.0,713655884305000.0,"JL. JEND SUDIRMAN DUSUN AIR RAYA TIMUR II, TANJUNG PANDAN, KAB. BELITUNG, KEPULAUAN BANGKA BELITUNG",087774932782,mitracinindo.group@gmail.com,43.0,,Perseroan Terbatas (PT),
500,PT MITRA GAPURA MANDIRI,8120013242911.0,20625224021000.0,"JL. RAYA KAWASAN INDUSTRI KETAPANG, BUKITINTAN, KOTA PANGKAL PINANG, KEPULAUAN BANGKA BELITUNG",081310509459,mitragapuramandiri1@gmail.com,551.0,,Perseroan Terbatas (PT),
236,PT MITRA GAPURA MANDIRI SEJAHTERA,9120014091645.0,803423664304000.0,"JL. KETAPANG KAWASAN INDUSTRI, PANGKALPINANG, BUKITINTAN, KOTA PANGKAL PINANG, KEPULAUAN BANGKA BELITUNG",07174261948,mgmsejahtera1@gmail.com,118.0,,Perseroan Terbatas (PT),
990,PT MITRA GRAHA RAYA,511210022299.0,855826848013000.0,"KAWASAN INDUSTRI JELITIK, BUKITINTAN, KAB. BANGKA, KEPULAUAN BANGKA BELITUNG",0212526999,mitragrahar@gmail.com,6.0,,,
996,PT MITRA PERSADA RESOURCES,264010281855.0,27477546048000.0,"KUALA MAPUR, RIAU SILIP, KAB. BANGKA, KEPULAUAN BANGKA BELITUNG",081386672790,mpr.persada115@gmail.com,17.0,,Perseroan Terbatas (PT),
489,PT MITRA STANIA BEMBAN,220206810165.0,955575329315000.0,"KOMPLEK INDUSTRI & PELABUHAN AIR KANTUNG, SUNGAILIAT, SUNGAILIAT, KAB. BANGKA, KEPULAUAN BANGKA BELITUNG",6271796016,info@msbtin.co.id,52.0,,Perseroan Terbatas (PT),
216,PT MITRA STANIA KEMINGKING,9120312050178.0,930046651315000.0,"KOMPLEK INDUSTRI & PELABUHAN AIR KANTUNG, SUNGAILIAT, SUNGAILIAT, KAB. BANGKA, KEPULAUAN BANGKA BELITUNG",0716792350,mitrastaniakemingking@gmail.com,53.0,,Perseroan Terbatas (PT),
48,PT MITRA STANIA PRIMA,8120015170452.0,12772208315000.0,"KOMPLEK INDUSTRI & PELABUHAN AIR KANTUNG SUNGAILIAT BANGKA, SUNGAILIAT, KAB. BANGKA, KEPULAUAN BANGKA BELITUNG",081369849781,info@msptin.co.id,54.0,,Perseroan Terbatas (PT),
69,PT MITRA SUKSES GLOBALINDO,8120313001589.0,28460004315000.0,"KOMPLEK VILLA BANGKA ASRI BLOK A21, KAMPUNG DUL, PANGKALAN BARU, KAB. BANGKA TENGAH, KEPULAUAN BANGKA BELITUNG",07179113280,pt.mitrasuksesglobalindo@gmail.com,96.0,,Perseroan Terbatas (PT),
110,CV MITRA SUKSES GLOBALINDO,612210034297.0,534239405112000.0,JALAN PLATINA VII A LK XXXV  / MEDAN MARELAN KOTA MEDAN SUMATERA UTARA,082180001279,,,,Persekutuan Komanditer (CV / Commanditaire Vennootschap),Aktif
395,PT MUALIM PUTRA PRATAMA,9120202870181.0,920346608305000.0,"JALAN MUALIM, TAMAN SARI, KAB. BELITUNG, KEPULAUAN BANGKA BELITUNG",0317328085,mualimputrapratama59@gmail.com,5.0,,Perseroan Terbatas (PT),
1198,PT MULIA ANUGERAH SEJAHTERA,1003230016924.0,18325928018000.0,"WISMA TAMARA, RUANG 901, JALAN JENDERAL SUDIRMAN, KAVLING 24, SETIABUDI, KOTA ADM. JAKARTA SELATAN, DKI JAKARTA",0212525667,muliaanugerahsejahtera2023@gmail.com,67.0,,,
1206,PT MULTITAMA BAKTI GEMILANG,9120107551605.0,913294807623000.0,"JL. JAKSA AGUNG SUPRAPTO NO. 75 A, SETIABUDI, KOTA MALANG, JAWA TIMUR",0341425164,mb.gemilang@gmail.com,21.0,,,
393,PT MUTIARA LAUTAN BANGKA,2511210042678.0,532507084304000.0,"JL ALEXANDER RUKO G2 CITRALAND BOTANICAL CITY, TAMAN SARI, KOTA PANGKAL PINANG, KEPULAUAN BANGKA BELITUNG",0717435758,mutiaralautanbangka@gmail.com,22.0,,Perseroan Terbatas (PT),
165,PT NAGA LASKAR PELANGI,2803230033934.0,403980519305000.0,KAWASAN INDUSTRI PT. MITRA PROPINDO LESTARI 10/04 BADAU KAB. BELITUNG KEPULAUAN BANGKA BELITUNG,08197528888,,,,Perseroan Terbatas (PT),Aktif
587,PT NIAGA ABADI PERSADA,2002230072439.0,629131418044000.0,"KOBEXINDO TOWER, JALAN PASIR PUTIH RAYA BLOK E-5-D, TANJUNG PANDAN, KOTA ADM. JAKARTA UTARA, DKI JAKARTA",08118577222,niagaabadipersada.oss@gmail.com,13.0,,,
267,PT NIPPINDO KAOLIN ABADI,9120212230199.0,12769287026000.0,"GEDUNG ASEAN TOWER LANTAI 5, JALAN KIAI HAJI SAMANHUDI NO. 10, SAWAH BESAR, KOTA ADM. JAKARTA PUSAT, DKI JAKARTA",0213802865,nka.pusat2@gmail.com,1.0,,Perseroan Terbatas (PT),
1212,PT NIPSEA MARTAPURA,241010232515.0,10026953037000.0,"GEDUNG ASEAN TOWER LANTAI 5, JALAN KIAI HAJI SAMANHUDI NOMOR 10, SAWAH BESAR, KOTA ADM. JAKARTA PUSAT, DKI JAKARTA",0213802865,nipseamartapura10@gmail.com,5.0,,,
1009,PT NOBLE CAPITAL,2804230074909.0,21839832015000.0,"JL. PROF.DR. SOEPOMO, SH NO.178 A, RUKAN ROYAL PALACE B 30, TEBET, KOTA ADM. JAKARTA SELATAN, DKI JAKARTA",0212525999,noblecapital21@gmail.com,7.0,,,
528,CV PANDU BELITUNG MAKMUR,2712220015831.0,858637028305000.0,"JL. HASAN SAIE, TANJUNG PANDAN, KAB. BELITUNG, KEPULAUAN BANGKA BELITUNG",081993273063,pandubelitung09@gmail.com,70.0,,Persekutuan Komanditer (CV / Commanditaire Vennootschap),
308,PT PARIT MUJUR SEJAHTERA,9120102301286.0,14957039305000.0,"JL. DR. SUSILO NO. 88 RT 009 RW 004, TANJUNG PANDAN, KAB. BELITUNG, KEPULAUAN BANGKA BELITUNG",089674056514,ptparitmujursejahtera20@gmail.com,9.0,,Perseroan Terbatas (PT),
677,PT PASIFIK AMANIA MANDIRI,2410230094529.0,507757516032000.0,"HAYAM WURUK PLAZA TOWER LT. 8, JL HAYAM WURUK NO. 108, TAMAN SARI, KOTA ADM. JAKARTA BARAT, DKI JAKARTA",081388881406,pasifikamaniamandiri@gmail.com,5.0,,Perseroan Terbatas (PT),
178,PT PASIR BELITUNG UTAMA,2403220069174.0,638240283029000.0,"KOMPLEK DUTA MERLIN BLOK E NOMOR 14-15, JALAN GAJAH MADA NOMOR 3-5 01/01 GAMBIR KOTA ADM. JAKARTA PUSAT DKI JAKARTA",081216881688,,,,Perseroan Terbatas (PT),Aktif
599,PT PATRIOT PRIMABUMI PERKASA,2810220066803.0,614766715305000.0,"JL. DEPATI GEGEDEK, TANJUNG PANDAN, KAB. BELITUNG, KEPULAUAN BANGKA BELITUNG",081313386781,putrabelitung644@gmail.com,66.0,,Perseroan Terbatas (PT),
1012,PT PELAYARAN TANJUNGBAHARI PERKASA,9120004252959.0,16738957048000.0,"KOMPLEK RUKAN PURI MUTIARA BLOK C NO. 18-19JL. GRIYA UTAMA, TANJUNG PRIOK, KOTA ADM. JAKARTA UTARA, DKI JAKARTA",02165314189,pelayaran.tbp@gmail.com,16.0,,,
681,PT PEMATANG SUMBER JAYA,2410230092674.0,507608198032000.0,"HAYAM WURUK PLAZA TOWER LT. 8, JL. HAYAM WURUK NO. 108, TAMAN SARI, KOTA ADM. JAKARTA BARAT, DKI JAKARTA",081388881406,pematangsumberjaya@gmail.com,6.0,,Perseroan Terbatas (PT),
563,PT PERKASA PARAMA BILITON,1002230045723.0,606700433013000.0,"JALAN BARU NOMOR 3, KEBAYORAN LAMA, KOTA ADM. JAKARTA SELATAN, DKI JAKARTA",02127095210,perkasa.paramabiliton@gmail.com,37.0,,Perseroan Terbatas (PT),
213,PT PERKASA PARAMA BORNEO,1101230034866.0,606623841013000.0,JALAN BARU NOMOR 3  010/003 KEBAYORAN LAMA KOTA ADM. JAKARTA SELATAN DKI JAKARTA,02127095210,,,,Perseroan Terbatas (PT),Aktif
215,CV PERMATA BATU ITAM,8120010231158.0,866658164305000.0,JL. SIJUK ASAM LOBANG AIR MERBAU 019/007 TANJUNG PANDAN KAB. BELITUNG KEPULAUAN BANGKA BELITUNG,081297801388,,,,Persekutuan Komanditer (CV / Commanditaire Vennootschap),Aktif
1017,PT PERUSAHAAN PERSEROAN (PERSERO) PT MINERAL INDUSTRI INDONESIA,2303230027471.0,403276330012000.0,"ENERGY BUILDING LANTAI 19 DAN 27, SCBD, JALAN JENDERAL SUDIRMAN KAV. 52-53, KEBAYORAN BARU, KOTA ADM. JAKARTA SELATAN, DKI JAKARTA",02127938750,corsec@mind.id,46.0,,,
112,PT PERUSAHAAN PERSEROAN (PERSERO) PT TIMAH Tbk.,8120109881956.0,10016657051000.0,"JL. JEND.SUDIRMAN NO. 51, TAMAN SARI, KOTA PANGKAL PINANG, KEPULAUAN BANGKA BELITUNG",07174258000,timah.oss@pttimah.co.id,17.0,,,
1020,PT PRAMANUSA RAYA UTAMA,1110230093671.0,506734094032000.0,"HAYAM WURUK PLAZA TOWER LT. 8, JL. HAYAM WURUK NO. 108, TAMAN SARI, KOTA ADM. JAKARTA BARAT, DKI JAKARTA",081388881406,pramanusarayautama@gmail.com,2.0,,,
160,PT PREMIUM TIN INDONESIA,8120218111542.0,807165063315000.0,"JALAN POLWAN NOMOR 20, GAMBIR, KAB. BANGKA TENGAH, KEPULAUAN BANGKA BELITUNG",082123691457,premiumtinindonesia16@gmail.com,5.0,,Perseroan Terbatas (PT),
1024,PT PRESTASI PELUMASINDO UNGGUL,220109260335.0,17920505028000.0,"JL. TANAH ABANG IV NOMOR 48, GAMBIR, KOTA ADM. JAKARTA PUSAT, DKI JAKARTA",0213447515,kasri.hrd@prestasi.co.id,24.0,,,
142,PT PRIMA BUNDIARTA NUSA,9120105152521.0,14957831305000.0,"KOMPLEK DUTA MERLIN BLOK E NOMOR 14-15, JALAN GAJAH MADA NOMOR 3-5, KELURAHAN PETOJO UTARA, KECAMATAN GAMBIR, KOTA ADMINISTRASI JAKARTA PUSAT, PROVINSI DAERAH KHUSUS IBUKOTA JAKARTA., GAMBIR, KOTA ADM. JAKARTA PUSAT, DKI JAKARTA",0216337739,primabundiartanusa.pt@gmail.com,23.0,,Perseroan Terbatas (PT),
1027,PT PRIMA JAYA MINERAL,9120204512883.0,915751218657000.0,"JL. DIPONEGORO NOMOR 6-B, GAMBIR, KAB. MALANG, JAWA TIMUR",0341425164,primajaya.mineral@gmail.com,18.0,,,
86,PT PRIMA TIMAH UTAMA,8120006862374.0,12772380308000.0,"JL. KETAPANG KAWASAN INDUSTRI. PANGKALPINANG 33149. PROVINSI KEPULAUAN BANGKA BELITUNG. INDONESIA., BUKITINTAN, KOTA PANGKAL PINANG, KEPULAUAN BANGKA BELITUNG",07174261948,primatimah@yahoo.com,488.0,,,
312,PT PRIMA ZIRCON MINERAL,9120205571542.0,906008552304000.0,"THE GREENLAND BLOK D12, TANJUNG PANDAN, KOTA PANGKAL PINANG, KEPULAUAN BANGKA BELITUNG",085216860468,ptpzm.pjk@gmail.com,66.0,,Perseroan Terbatas (PT),
1322,PT PRIMARINDO RAYA SEJAHTERA,9120004591313.0,911323574623000.0,"JL. JAKSA AGUNG SUPRAPTO GG. II NO.2A, KLOJEN, KOTA MALANG, JAWA TIMUR",0341425614,primarindosejahtera@gmail.com,94.0,,,
1031,PT PROFITAMA HARJAYA INDAH,9120401732221.0,28803088045000.0,"RUKO KRAMAT JAYA, JALAN KRAMAT JAYA, KOJA, KOTA ADM. JAKARTA UTARA, DKI JAKARTA",02129364412,phji.legal@gmail.com,8.0,,,
573,PT PROSPER KARYA MANDIRI,8120002991878.0,730776663215000.0,"JL. PROF. DR. LATUMETEN NO. 33 SEASON CITY UNIT RUKO SH/A/19-20, TAMBORA, KOTA ADM. JAKARTA BARAT, DKI JAKARTA",02129618073,ptprosperkaryamandiri@yahoo.com,123.0,,Perseroan Terbatas (PT),
378,PT PSR MUTIARA ABADI,1611210041767.0,532555042304000.0,"JL ALEXANDER RUKO G1 CITRALAND BOTANICAL CITY, BUKITINTAN, KOTA PANGKAL PINANG, KEPULAUAN BANGKA BELITUNG",0717435758,psmutiaraabadi@gmail.com,21.0,,Perseroan Terbatas (PT),
90,PT PUTERA SARANA SHAKTI,8120318071866.0,802327973304000.0,"KAWASAN INDUSTRI JELITIK, SUNGAILIAT, KAB. BANGKA, KEPULAUAN BANGKA BELITUNG",0212525999,legalpss2020@gmail.com,6.0,,Perseroan Terbatas (PT),
424,PT PUTERA SUKSES MINERAL,1247006422422.0,422118315047000.0,"JALAN BOULEVARD PANTAI INDAH KAPUK KAV OFS NOMOR 1 THE SUITES TOWER LANTAI 12 UNIT 1205, PENJARINGAN, KOTA ADM. JAKARTA UTARA, DKI JAKARTA",02122510550,aminmakmurbersama@gmail.com,10.0,,Perseroan Terbatas (PT),
341,CV PUTRA MAJU KAMEX,1201000110548.0,711984633305000.0,"DUSUN GARUMEDANG, DAMAR, KAB. BELITUNG TIMUR, KEPULAUAN BANGKA BELITUNG",081368438225,cvputramajukamex24@gmail.com,3.0,,Persekutuan Komanditer (CV / Commanditaire Vennootschap),
400,PT PUTRAPRIMA MINERAL MANDIRI,9120303101015.0,808051577618000.0,"JL. PLTU LAMA/BMP DUSUN MUDEL RT.006 SUNGAI MENGKAONG, MERAWANG, KAB. BANGKA, KEPULAUAN BANGKA BELITUNG",081335722844,pmm0218@gmail.com,2.0,,,
105,PT RAJAWALI RIMBA PERKASA,8120000850225.0,24916850304000.0,"JL. ALEXANDER RUKO CITRALAND BLOK D08, BADAU, KOTA PANGKAL PINANG, KEPULAUAN BANGKA BELITUNG",081316000681,rajawalirimbaperkasa@yahoo.com,5.0,,Perseroan Terbatas (PT),
128,PT RAJEHAN ARIQ,9120301151347.0,210546859315000.0,"JL. AIR MAWAR DALAM, BUKITINTAN, KOTA PANGKAL PINANG, KEPULAUAN BANGKA BELITUNG",0717911624,info.rajehanariq@gmail.com,4.0,,,
137,PT REFINED BANGKA TIN,8120200890424.0,26343038315000.0,"KAWASAN INDUSTRI JELITIK, SUNGAILIAT, KAB. BANGKA, KEPULAUAN BANGKA BELITUNG",081806022727,olla@rbt.co.id,55.0,,,
1034,PT RESOURCES CAPITAL,1611210051327.0,26718023011000.0,"GD. WISMA TAMARA ANNEXE, JL. JEND. SUDIRMAN KAV. 24, SETIABUDI, KOTAMADYA JAKARTA SELATAN, SETIABUDI, KOTA ADM. JAKARTA SELATAN, DKI JAKARTA",0212525668,capitalresources92@gmail.com,19.0,,,
170,PT REZEKI SAMUDERA JAYA,2103230104369.0,403126311304000.0,"JL. WIDURI BULAN 3 001/001 BUKITINTAN KOTA PANGKAL PINANG KEPULAUAN BANGKA BELITUNG",081511663333,,,,Perseroan Terbatas (PT),Aktif
206,PT ROYAL SILICA NUSANTARA,2107230106006.0,397092750305000.0,JALAN HASAN SAIE 012/005  KAB. BELITUNG KEPULAUAN BANGKA BELITUNG,082298821323,,,,Perseroan Terbatas (PT),Aktif
374,PT SAMIARTHA SUKSES ABADI,9120004882114.0,32719494031000.0,"JALAN RAYA PADANG BARU, MANGGAR, KAB. BANGKA TENGAH, KEPULAUAN BANGKA BELITUNG",-,yanadjulias@gmail.com,4.0,,Perseroan Terbatas (PT),
504,PT SAMPOERNA TIMAH NUSANTARA,8120110250265.0,741318265418000.0,"DUSUN GUNUNG TIONG, DESA/KELURAHAN PEGANTUNGAN, KEC. BADAU, KAB. BELITUNG, PROVINSI KEPULAUAN BANGKA BELITUNG, BADAU, KAB. BELITUNG, KEPULAUAN BANGKA BELITUNG",082111776387,sampoernatimahnusantarapt@gmail.com,26.0,,Perseroan Terbatas (PT),
329,PT SANDEIR SETIA BROTHERS,8120018042161.0,20926382305000.0,"JL. JEND. SUDIRMAN AIR RAYA BARAT II, TANJUNG PANDAN, KAB. BELITUNG, KEPULAUAN BANGKA BELITUNG",087706669440,pt.sandeirs@gmail.com,48.0,,Perseroan Terbatas (PT),
1037,PT SARANA MARINDO,9120208261616.0,10019297308000.0,"JL. BUKIT BARU NO.140 RT003/03 KEL. TAMAN BUNGA, GERUNGGANG, KOTA PANGKAL PINANG, KEPULAUAN BANGKA BELITUNG",0811144557,legalsaranamarindo@gmail.com,10.0,,Perseroan Terbatas (PT),
222,PT SARANA MARINDO,9120208261616.0,10019297308000.0,JL. BUKIT BARU NO.140 RT003/03 KEL. TAMAN BUNGA /  KOTA PANGKAL PINANG KEPULAUAN BANGKA BELITUNG,,,,,Perseroan Terbatas (PT),Aktif
388,PT SARANA SUKA PRIMA,9120100191282.0,27623966304000.0,"JALAN JENDRAL A.YANI GG. SEROJA III, TAMAN SARI, KOTA PANGKAL PINANG, KEPULAUAN BANGKA BELITUNG",085376457285,sarana.sprima@yahoo.com,3.0,,,
569,PT SATRIA MUKTI ANUGERAH,306220050882.0,656419553043000.0,"RUKO PLAZA PASIFIK BLOK A3 NO. 68, JL. BOULEVARD BARAT RAYA, KELAPA GADING, KOTA ADM. JAKARTA UTARA, DKI JAKARTA",02122656565,satriamuktianugerah@gmail.com,7.0,,Perseroan Terbatas (PT),
442,PT SATUNUSA CAKRA MINERAL,1606220080362.0,658411517029000.0,"KOMPLEK DUTA MERLIN BLOK E NOMOR 14-15 JL. GAJAH MADA NOMOR 3-5, GABEK, KOTA ADM. JAKARTA PUSAT, DKI JAKARTA",081222566655,satunusacakramineral@gmail.com,27.0,,Perseroan Terbatas (PT),
637,PT SATUNUSA PILAR MINING,1606220078081.0,658411897029000.0,"KOMPLEK DUTA MERLIN BLOK E NOMOR 14-15 JL. GAJAH MADA NOMOR 3-5, GAMBIR, KOTA ADM. JAKARTA PUSAT, DKI JAKARTA",081222566655,satunusapilarmining@gmail.com,28.0,,Perseroan Terbatas (PT),
27,PT SEIRAMA TIN INVESTMENT,8120002881562.0,30050843305000.0,"JL. MANGGAR TENGAH, KELEKAK DATUK, BADAU, KAB. BELITUNG, KEPULAUAN BANGKA BELITUNG",082280300089,seiramatininvestment.oss@gmail.com,47.0,,,
194,PT SEJAHTERA LOGINDO ALAM,276000921307.0,814130365315000.0,JL. DEPATI AMIR DALAM KM.9 DUSUN VI 09/00 MERAWANG KAB. BANGKA KEPULAUAN BANGKA BELITUNG,085882369690,,,,Perseroan Terbatas (PT),Aktif
363,CV SEJAHTERA MINERAL BABEL,9120208730213.0,853156917315000.0,"JL. CENDRAWASIH NO.142, SUNGAILIAT, KAB. BANGKA, KEPULAUAN BANGKA BELITUNG",0813 6246 4282,artatimatondang@gmail.com,8.0,,Persekutuan Komanditer (CV / Commanditaire Vennootschap),
184,PT SEJAHTERA UTAMA MITRA JAYA,8120101930136.0,25719998451000.0,JL MANGGA DUA RAYA RUKO BAHAN BANGUNAN BLOK F 5 NO.17 00/00 SAWAH BESAR KOTA ADM. JAKARTA PUSAT DKI JAKARTA,0216125323,,,,Perseroan Terbatas (PT),Aktif
580,PT SEJAHTERA UTAMA MITRA MANDIRI,8120308800819.0,31652555026000.0,"KOMPLEK SIDOARTO RUKO 38 NOMOR 4-6, PENJARINGAN, KOTA ADM. JAKARTA UTARA, DKI JAKARTA",021-6631201,summ.pasir.jkt@gmail.com,26.0,,,
546,PT SEJAHTERA UTAMA PRIMA,8120001811043.0,31652563026000.0,"KOMPLEK SIDOARTO RUKO 38 NOMOR 4-6, PENJARINGAN, KOTA ADM. JAKARTA UTARA, DKI JAKARTA",021-6631201,sup.pasir.jkt@gmail.com,34.0,,,
1043,PT SEKAWAN TRIASIH ABADI,220202782373.0,13958319028000.0,"JL.TANAH ABANG IV NO.48 PETOJO SELATAN, GAMBIR, KOTA ADM. JAKARTA PUSAT, DKI JAKARTA",0213447515,NONAKTIF_HAK_AKSES_ptbangkaserumpun@gmail.com,20.0,,,
222,PT SEMESTA SURYA PERSADA,808220009651.0,761268069011000.0,"TAMARA CENTER LANTAI 12, JLN. JEND SUDIRMAN KAV. 24, SETIABUDI, KOTA ADM. JAKARTA SELATAN, DKI JAKARTA",0212525668,semestasuryapersadababel@gmail.com,49.0,,Perseroan Terbatas (PT),
463,PT SETIA MAJU PRATAMA,9120001801559.0,30052856305000.0,"JL. GAJAH MADA, TANJUNG PANDAN, KAB. BELITUNG, KEPULAUAN BANGKA BELITUNG",081585627008,admptsmp@gmail.com,7.0,,Perseroan Terbatas (PT),
190,PT SHUBHA ALAM PERKASA RESOURCES,2408230108874.0,500847603015000.0,"GEDUNG SOHO PANCORAN NOBLE TOWER 2015 JL. M.T HARYONO KAV. 2-3 00/00 TEBET KOTA ADM. JAKARTA SELATAN DKI JAKARTA",02150101636,,,,Perseroan Terbatas (PT),Aktif
361,CV SILICA JAYA,9120501961972.0,928465582315000.0,"JL. JENDERAL SUDIRMAN BLOK II F NO. 173, SUNGAILIAT, KAB. BANGKA, KEPULAUAN BANGKA BELITUNG",082186904010,silicajaya@gmail.com,15.0,,Persekutuan Komanditer (CV / Commanditaire Vennootschap),
357,CV SILICA JAYA SEJAHTERA,9120403911775.0,928412477315000.0,"JL. JENDERAL SUDIRMAN BLOK II F NO. 173, SUNGAILIAT, KAB. BANGKA, KEPULAUAN BANGKA BELITUNG",082186904010,silicajayasejahtera@gmail.com,17.0,,Persekutuan Komanditer (CV / Commanditaire Vennootschap),
212,CV SILICA JAYA UTAMA,9120004911682.0,928411107315000.0,JL. JENDERAL SUDIRMAN BLOK II F NO. 173 001/000 SUNGAILIAT KAB. BANGKA KEPULAUAN BANGKA BELITUNG,082186904010,,,,Persekutuan Komanditer (CV / Commanditaire Vennootschap),Aktif
419,PT SILICA LAUTAN MUTIARA,2401220056741.0,539113993304000.0,"JL ALEXANDER RUKO F-18 PERUM. CITRALAND BOTANICAL CITY, BUKITINTAN, KOTA PANGKAL PINANG, KEPULAUAN BANGKA BELITUNG",081289998598,silicalautanmutiara@gmail.com,28.0,,Perseroan Terbatas (PT),
757,PT SILIKA INDO GEMILANG,1110230022997.0,506767458036000.0,"RUKO GARDEN SHOPPING ARCADE BLOK B 08 AL, GROGOL PETAMBURAN, KOTA ADM. JAKARTA BARAT, DKI JAKARTA",082223332111,silika.gemilang@gmail.com,4.0,,Perseroan Terbatas (PT),
1045,PT SILIKA UTAMA JAYA,1512220060148.0,620245829416000.0,"JALAN DAAN MOGOT KM 21 PERGUDANGAN 3 MULTI GUNA BLOK D NOMOR 1-2, BATUCEPER, KOTA TANGERANG, BANTEN",0818713888,silikautamajaya@gmail.com,12.0,,,
729,PT SILIKA UTAMA MAKMUR,909230018101.0,502221104036000.0,"RUKO GARDEN SHOPPING ARCADE BLOK B 08 AL, GROGOL PETAMBURAN, KOTA ADM. JAKARTA BARAT, DKI JAKARTA",082223332111,silika.utama@gmail.com,4.0,,Perseroan Terbatas (PT),
1224,PT SINAR DELI,8120000731129.0,12693131219000.0,"JL. JEND. SUDIRMAN NO. 16A-B, BENGKALIS, KAB. BENGKALIS, RIAU",087774621920,sinardeli001@gmail.com,28.0,,,
350,PT SINAR INDAH SELARAS,8120201931241.0,27504513085000.0,"JL.PERMAI 1, KELEKAK USANG, TANJUNG PANDAN, KAB. BELITUNG, KEPULAUAN BANGKA BELITUNG",07199306377,sis.sinarindah@gmail.com,22.0,,Perseroan Terbatas (PT),
303,PT SINAR LOGINDO ALAM,287010200614.0,12773602315000.0,"JL. DEPATI AMIR KM.9, BATURUSA, MERAWANG, KAB. BANGKA, KEPULAUAN BANGKA BELITUNG",081310340560,kantorsla@gmail.com,14.0,,,
1051,PT SINAR MINERAL SEJATI,2504240006527.0,202033907022000.0,"SAHID SUDIRMAN CENTER LT. 17 UNIT 17 E, JL. JENDERAL SUDIRMAN NO. 86, TANAH ABANG, KOTA ADM. JAKARTA PUSAT, DKI JAKARTA",08121999911,sinarmineralsejati@gmail.com,16.0,,,
788,PT SINAR SEJAHTERA PERKASA,1243000311425.0,26234997061000.0,"JL. JENDRAL SUDIRMAN, TOBOALI, KAB. BANGKA SELATAN, KEPULAUAN BANGKA BELITUNG",08121999911,sanjayadede72@gmail.com,1.0,,Perseroan Terbatas (PT),
192,PT SINAR SILICA ABADI,2401220080216.0,539084533304000.0,"JL ALEXANDER RUKO F-18 PERUM. CITRALAND BOTANICAL CITY 000/000 BUKITINTAN KOTA PANGKAL PINANG KEPULAUAN BANGKA BELITUNG",082181553669,,,,Perseroan Terbatas (PT),Aktif
663,PT SINAR SUMBER ALAM NATUNA,2702230082036.0,505585703416000.0,"JALAN DAAN MOGOT KM 21 PERGUDANGAN 3 MULTI GUNA BLOK D NO 1-2, BATUCEPER, KOTA TANGERANG, BANTEN",0811974718,sinarsumberalamnatuna@gmail.com,33.0,,,
617,PT SINAR SUMBER DAYA BELITONG,2702230084784.0,400079752416000.0,"JALAN DAAN MOGOT KM 21 PERGUDANGAN 3 MULTI GUNA BLOK D NO 1-2, BATUCEPER, KOTA TANGERANG, BANTEN",0818713888,sinarsumberdayabelitong@gmail.com,39.0,,Perseroan Terbatas (PT),
495,PT SINAR TIMAH BELITUNG,8120011220971.0,811793876418000.0,"DUSUN GUNUNG TIONG, DESA/KELURAHAN PEGANTUNGAN, KEC. BADAU, KAB. BELITUNG, PROVINSI KEPULAUAN BANGKA BELITUNG, BADAU, KAB. BELITUNG, KEPULAUAN BANGKA BELITUNG",082111776387,sinartimahbelitungpt@gmail.com,22.0,,Perseroan Terbatas (PT),
778,PT SORRA INTI GEMILANG,901240067355.0,998142541021000.0,"GEDUNG JAYA LANTAI 9 UNIT A02, JALAN M.H. THAMRIN NOMOR 12, MENTENG, KOTA ADM. JAKARTA PUSAT, DKI JAKARTA",08164809775,sorraintigemilang@gmail.com,6.0,,Perseroan Terbatas (PT),
780,PT SORRA NIWANDA SUKSES,1101240012275.0,997469341021000.0,"GEDUNG JAYA LANTAI 9 UNIT A02, JALAN M.H. THAMRIN NOMOR 12, MENTENG, KOTA ADM. JAKARTA PUSAT, DKI JAKARTA",08164809775,sorraniwandasukses@gmail.com,7.0,,Perseroan Terbatas (PT),
20,PT SRIYUDI ALAM PERKASA,9120101510625.0,25720111305000.0,"JL. HASAN SAIE, RT/RW 005/002, DESA AIK RAYAK, TANJUNG PANDAN, KAB. BELITUNG, KEPULAUAN BANGKA BELITUNG",087774932782,sriyudi.ap@gmail.com,34.0,,Perseroan Terbatas (PT),
710,PT SRIYUDI GLOBALINDO PERKASA,9120204930345.0,703192609305000.0,"JALAN JENDERAL SUDIRMAN, TANJUNG PANDAN, KAB. BELITUNG, KEPULAUAN BANGKA BELITUNG",07199222889,sgp.belitung@gmail.com,20.0,,Perseroan Terbatas (PT),
277,CV SRIYUDI LITAJAYA,220003100945.0,14958805308000.0,"JL. HASAN SAIE DSN AIR RAYA BARAT I NOMOR 175, TANJUNG PANDAN, KAB. BELITUNG, KEPULAUAN BANGKA BELITUNG",07199301460,sriyudi.belitung@gmail.com,1.0,,Persekutuan Komanditer (CV / Commanditaire Vennootschap),
140,PT STANINDO INTI PERKASA,8120004830519.0,23911100304000.0,"JL.KETAPANG RAYA RT.03/01 KAWASAN INDUSTRI, KEL. AIR ITAM, BUKIT INTAN, BUKITINTAN, KOTA PANGKAL PINANG, KEPULAUAN BANGKA BELITUNG",08117170189,stanindo.intiperkasa24@gmail.com,24.0,,Perseroan Terbatas (PT),
457,PT STEPA WIRAUSAHA ADIGUNA,9120204161249.0,22869960411000.0,"JALAN ABDUL RAHMAN DALAM KILOMETER 16, BADAU, KAB. BELITUNG, KEPULAUAN BANGKA BELITUNG",08111866379,pt.stepa.wirausaha.adiguna@gmail.com,174.0,,Perseroan Terbatas (PT),
198,PT STI BINA SEJAHTERA,8120310171956.0,862452208305000.0,"JL. MANGGAR TENGAH, BADAU, KAB. BELITUNG, KEPULAUAN BANGKA BELITUNG",082175298789,stibinasejahtera.oss@gmail.com,26.0,,Perseroan Terbatas (PT),
1059,PT SUBUR BUMI MINERAL,2504240149111.0,202992079022000.0,"SAHID SUDIRMAN CENTER LT. 17 UNIT 17 E, JL. JEND. SUDIRMAN NO. 86, TANAH ABANG, KOTA ADM. JAKARTA PUSAT, DKI JAKARTA",08121999911,suburbumimineral@gmail.com,17.0,,,
513,PT SUKA JAYA BERSAMA,2604220019249.0,652178997066000.0,"JALAN H. BUANG NOMOR 73, PESANGGRAHAN, KOTA ADM. JAKARTA SELATAN, DKI JAKARTA",081277451954,ptsukajayabersama@gmail.com,5.0,,,
94,PT SUKSES INTI MAKMUR,8120100853916.0,20929287305000.0,"JALAN RAYA PETIKAN, RUKUN TETANGGA 007, RUKUN WARGA 03, DUSUN PETIKAN, BADAU, KAB. BELITUNG, KEPULAUAN BANGKA BELITUNG",08117117878,suksesintimakmur@gmail.com,14.0,,Perseroan Terbatas (PT),
147,CV SUKSES INTI MAKMUR,9120208440393.0,707559969606000.0,JL. KLAMPIS ANOM XII NO. 7 KAV G - 139 000/000 SUKOLILO KOTA SURABAYA JAWA TIMUR,0822 2536 3688,,,,Persekutuan Komanditer (CV / Commanditaire Vennootschap),Aktif
284,PT SUMBER ALAM ANTARNUSA,9120318190162.0,25899667048000.0,"WISMA SMR LT 5, NO 502, JL. YOS SUDARSO KAV 89, TANJUNG PRIOK, KOTA ADM. JAKARTA UTARA, DKI JAKARTA",08118331718,ptsaa.mining@gmail.com,1.0,,Perseroan Terbatas (PT),
201,PT SUMBER ALAM TIMAH JAYA,281010242715.0,750870800315000.0,"JL. KAWASAN INDUSTRI DAN PELABUHAN UMUM JELITIK KEC. SUNGAILIAT KAB. BANGKA 33211 / SUNGAILIAT KAB. BANGKA KEPULAUAN BANGKA BELITUNG",0717-95677,,,,Perseroan Terbatas (PT),Aktif
693,PT SUMBER CIPTA MINERATAMA,2410230081378.0,507631802032000.0,"HAYAM WURUK PLAZA TOWER LT. 8, JL. HAYAM WURUK NO. 108, TAMAN SARI, KOTA ADM. JAKARTA BARAT, DKI JAKARTA",081388881406,sumberciptamineratama@gmail.com,7.0,,Perseroan Terbatas (PT),
1062,PT SUMBER LOGINDO ALAM,230010220113.0,31653983026000.0,"KOMP. MANGGA DUA ELOK BLOK D NO.11, JL. MANGGA DUA ABDAD, KEL. MANGGA DUA SELATAN, KEC.SAWAH BESAR, SAWAH BESAR, KOTA ADM. JAKARTA PUSAT, DKI JAKARTA",0216000120,sumberlogindoalam@gmail.com,74.0,,,
1329,PT SUN MEDIA PRATAMA,1003230018893.0,21943642011000.0,"WISMA TAMARA, RUANG 901, JALAN JENDERAL SUDIRMAN, KAVLING 24, SETIABUDI, KOTA ADM. JAKARTA SELATAN, DKI JAKARTA",0212525667,sunmediapratama@gmail.com,70.0,,,
1070,PT SUWARNA SANTIKA WIJAYA,220108732946.0,953404712047000.0,"PIK AVENUE MALL, LANTAI 6, JALAN PANTAI INDAH BARAT NOMOR 1, PENJARINGAN, KOTA ADM. JAKARTA UTARA, DKI JAKARTA",081386571997,suwarnasantikawijaya@gmail.com,13.0,,,
171,PT SWAKARSA TAMBANG INDONESIA,2310230113395.0,407095306304000.0,JL YANG ZUBAIDAH NO. 2 009/003 RANGKUI KOTA PANGKAL PINANG KEPULAUAN BANGKA BELITUNG,08117815129,,,,Perseroan Terbatas (PT),Aktif
411,PT SWAMININDO SENTOSA ABADI,221010201441.0,966701781304000.0,"JL. YANG ZUBAIDAH NO. 3, RANGKUI, KOTA PANGKAL PINANG, KEPULAUAN BANGKA BELITUNG",0717437362,swaminindo.sentosaabadi@gmail.com,44.0,,Perseroan Terbatas (PT),
803,PT SYNERGI JAYA SILIKA,106250014185.0,1000000002328117.0,"JL HAMIDAH NO. 61, TAMAN SARI, KOTA PANGKAL PINANG, KEPULAUAN BANGKA BELITUNG",08117178181,silika7aya@gmail.com,46.0,,Perseroan Terbatas (PT),
1066,PT SYNERGI MAKMUR INVESTAMA,106250007762.0,1000000002471167.0,"JL HAMIDAH NO. 61, TAMAN SARI, KOTA PANGKAL PINANG, KEPULAUAN BANGKA BELITUNG",081273337771,synergiholding@gmail.com,35.0,,,
809,PT SYNERGI MAKMUR SILIKA,206250067929.0,1000000002442127.0,"JL HAMIDAH NO. 61, TAMAN SARI, KOTA PANGKAL PINANG, KEPULAUAN BANGKA BELITUNG",08127813263,silik4makmur@gmail.com,44.0,,,
812,PT SYNERGI SUKSES SILIKA,206250062617.0,1000000002514692.0,"JL HAMIDAH NO. 61, TAMAN SARI, KOTA PANGKAL PINANG, KEPULAUAN BANGKA BELITUNG",08127170333,synergisuksessilika@gmail.com,45.0,,,
184,PT SYNERGY MAJU BERSAMA,296010040414.0,26240895061000.0,"JALAN SOEKARNO HATTA, GIRIMAYA, KOTA PANGKAL PINANG, KEPULAUAN BANGKA BELITUNG",081271694741,pt.synergymajubersama@gmail.com,11.0,,,
274,PT TAMBANG JAYA INDAH,9120500981062.0,316112648451000.0,"JL. RAYA CURUG KM. 2,5 NO. 36, RT. 12, RW. 03, DESA KADU, CURUG, CURUG, KAB. TANGERANG, BANTEN",08128259598,pt.tji05@gmail.com,28.0,,Perseroan Terbatas (PT),
158,CV TAMBANG JAYA INDAH,9120306961999.0,26076505451000.0,JL. RAYA CIKUDA 003/004 PARUNG PANJANG KAB. BOGOR JAWA BARAT,081585470843,,,,Persekutuan Komanditer (CV / Commanditaire Vennootschap),Aktif
1073,PT TAMBANG WANCHENG INDONESIA,211010040057.0,961192101044000.0,"RUKO OSAKA ASAHIKAWA BLOK OTD NO.G08, KOSAMBI, KAB. TANGERANG, BANTEN",08129962802,tambangwanchengindonesia@gmail.com,3.0,,,
227,PT TANJUNG BUKIT NUNGGAL,9120007200762.0,800090821019000.0,"GRAHA MAS FATMAWATI BLOK A NO. 25-26, JL. RS. FATMAWATI RAYA NO. 71, CIPETE UTARA /  KOTA ADM. JAKARTA SELATAN DKI JAKARTA",02172799467,,,,Perseroan Terbatas (PT),Aktif
169,PT TELAGA INTAN PUTIH,2012220069721.0,739224673003000.0,"JL.PEMUDA RAYA, RUKO GRAHA MAS AC NOMOR 09 003/009 PULOGADUNG KOTA ADM. JAKARTA TIMUR DKI JAKARTA",02147885071,,,,Perseroan Terbatas (PT),Aktif
150,PT TIGA BANGUN BERSAMA,1288000650584.0,425290319304000.0,PERUMAHAN TANJUNG BUNGA CLUSTER ANGGREK F234 007/002 BUKITINTAN KOTA PANGKAL PINANG KEPULAUAN BANGKA BELITUNG,081219135900,,,,Perseroan Terbatas (PT),Aktif
174,CV TIGA BANGUN BERSAMA,9120001352224.0,908744386603000.0,PERUM GRIYALOKA A-1 NO. 20  KRIAN KAB. SIDOARJO JAWA TIMUR,,,,,Persekutuan Komanditer (CV / Commanditaire Vennootschap),Aktif
231,CV TIGA BANGUN BERSAMA,220100540053.0,948245840216000.0,JL. ADI SUCIPTO 002/003 MARPOYAN DAMAI KOTA PEKANBARU RIAU,,,,,Persekutuan Komanditer (CV / Commanditaire Vennootschap),Aktif
225,PT TIMAH INVESTASI MINERAL,9120004290061.0,17851536051000.0,JL. ISKANDARSYAH  I NO. 4 005/002 KEBAYORAN BARU KOTA ADM. JAKARTA SELATAN DKI JAKARTA,02127095838,,,,Perseroan Terbatas (PT),Aktif
626,PT TIMUR BELITUNG SEJAHTERA,1307230035982.0,394950406305000.0,"JL. K.A. DJINAL DUSUN SUGE, SIMPANG PESAK, KAB. BELITUNG TIMUR, KEPULAUAN BANGKA BELITUNG",082181443127,timurbelitungsejahtera@gmail.com,21.0,,Perseroan Terbatas (PT),
195,PT TIN INDUSTRI NASIONAL,220203730286.0,813888021304000.0,JL. LAKSAMANA HAYATI  01/01 BUKITINTAN KOTA PANGKAL PINANG KEPULAUAN BANGKA BELITUNG,081905510009,,,,Perseroan Terbatas (PT),Aktif
1075,PT TOMMY MITRA INVESTAMA,410230083244.0,863576005305000.0,"JALAN BUJE, DUSUN SUMPING, GANTUNG, KAB. BELITUNG TIMUR, KEPULAUAN BANGKA BELITUNG",08382880080,tommy_mitra_investama@yahoo.com,4.0,,,
133,PT TOMMY UTAMA,220003160839.0,30050710305000.0,"JALAN BUJE DUSUN SUMPING, GANTUNG, KAB. BELITUNG TIMUR, KEPULAUAN BANGKA BELITUNG",081930495465,tommy.utama.babel@gmail.com,1.0,,Perseroan Terbatas (PT),
1078,PT TRACO INDOTAMA MANDIRI,1511210010038.0,862865300036000.0,"SOHO CAPITAL @PODOMORP CITY LANTAI 37 NOMOR 09, GROGOL PETAMBURAN, KOTA ADM. JAKARTA BARAT, DKI JAKARTA",081282820275,info.pttracoindotamamandiri@gmail.com,142.0,,,
675,PT TRI BINTANG ABADI SEJAHTERA,9120213032891.0,30911127304000.0,"JL. JENDERAL SUDIRMAN, NOMOR : 24 DALAM, RT. 002, RW. 003, KELURAHAN AIR SELEMBA, BATUCEPER, KOTA PANGKAL PINANG, KEPULAUAN BANGKA BELITUNG",0818713888,pttebas@gmail.com,1.0,,Perseroan Terbatas (PT),
58,PT TRI BINTANG ABADI SEJAHTERA,9120213032891.0,30911127304000.0,"JL. JENDERAL SUDIRMAN , NOMOR : 24 DALAM, RT. 002, RW. 003, KELURAHAN AIR  SELEMBA /  KOTA PANGKAL PINANG KEPULAUAN BANGKA BELITUNG",,,,,Perseroan Terbatas (PT),Aktif
1336,PT TRI JAYA PRAKARSA,9120009521309.0,911389674652000.0,"JL. CANDI TROWULAN NO.12, SETIABUDI, KOTA MALANG, JAWA TIMUR",0341425614,trijayaprakarsa@gmail.com,95.0,,,
1082,PT TRI MANUNGGAL SENTOSA,2312240033175.0,25866815618000.0,"JL. HR MUHAMMAD 373-383 BLOK D-6, DUKUH PAKIS, KOTA SURABAYA, JAWA TIMUR",0317328085,manunggal711@gmail.com,3.0,,,
187,PT TRINUSA SILIKA INDONESIA,2208230174673.0,500663638012000.0,"TREASURY TOWER LT. 1, DISTRICT 8 SCBD, JL. JEND. SUDIRMAN NO. 52 - 53 005/003 KEBAYORAN BARU KOTA ADM. JAKARTA SELATAN DKI JAKARTA",081382500118,,,,Perseroan Terbatas (PT),Aktif
1416,PT TRIUM PUTRA PRIMA,8120217282464.0,717733737432000.0,"JALAN JEND A. YANI SENTRAL NIAGA KALIMALANG BLOK B2 NO. 2, KEBAYORAN BARU, KOTA BEKASI, JAWA BARAT",(021) 515 0305,kevinklensia29@gmail.com,36.0,,,
816,PT TUNAS MANDIRI BANGUN PERSADA,3009250030548.0,704711373305000.0,"JALAN MADURA, TANJUNG PANDAN, KAB. BELITUNG, KEPULAUAN BANGKA BELITUNG",0871921388,tunasmandiribangunpersada@yahoo.com,6.0,,,
164,PT TUNAS MANDIRI PERSADA,1003250089027.0,1091031211299415.0,"JALAN MADURA, TANJUNG PANDAN, KAB. BELITUNG, KEPULAUAN BANGKA BELITUNG",085952759582,pttunasmandiripersada25@gmail.com,7.0,,Perseroan Terbatas (PT),
93,CV TUNAS MANDIRI PERSADA,9120018182891.0,20925822305000.0,JL. MADURA / TANJUNG PANDAN KAB. BELITUNG KEPULAUAN BANGKA BELITUNG,081933358883,,,,Persekutuan Komanditer (CV / Commanditaire Vennootschap),Aktif
561,PT UNITED SMELTING,8120011062207.0,24902603304000.0,"JL. LAKS. MALAHAYATI, BUKITINTAN, KOTA PANGKAL PINANG, KEPULAUAN BANGKA BELITUNG",085169044935,Staff.utdsmelt@yahoo.com,5.0,,,
24,PT USAHA MANDIRI PERSADA,9120201432956.0,30050165305000.0,"JL. MADURA, TANJUNG PANDAN, KAB. BELITUNG, KEPULAUAN BANGKA BELITUNG",071923588,mandiripersadausaha@yahoo.com,19.0,,,
776,PT UTAMA MEGA MANDIRI,1107230114579.0,395922362086000.0,"LIPPO ST. MORITZ, UNIT 0901, JALAN PURI INDAH RAYA BLOK U1, KEMBANGAN, KOTA ADM. JAKARTA BARAT, DKI JAKARTA",081317776645,utamamegamandiri@gmail.com,1.0,,,
138,PT VENUS INTI PERKASA,8120005820069.0,26342063304000.0,"JL.TPI (KAWASAN INDUSTRI KETAPANG), BUKITINTAN, KOTA PANGKAL PINANG, KEPULAUAN BANGKA BELITUNG",08117178666,vip.venusintiperkasa@gmail.com,15.0,,,
1089,PT VICTORY UTAMA INVESTAMA,610220046839.0,612401455033000.0,"JL. PROF DR LATUMETEN NO. 33 SEASON CITY UNIT RUKO SH/A/19-20, TAMBORA, KOTA ADM. JAKARTA BARAT, DKI JAKARTA",081270008555,victoryutamainvestama@gmail.com,58.0,,,
181,WAHYU EPAN YUDHISTIRA,2601230065654.0,624446613305000.0,DUSUN PELATARAN 2/5 KELAPA KAMPIT KAB. BELITUNG TIMUR KEPULAUAN BANGKA BELITUNG,081271212703,,,,Perseroan Terbatas (PT) Perorangan,Aktif
233,WAHYU EPAN YUDHISTIRA,8120103910272.0,892122078305000.0,"JL. PANTAI MUDONG, DUSUN MERANTE DESA SELINSING, KECAMATAN GANTUNG, BELITUNG TIMUR  GANTUNG KAB. BELITUNG TIMUR KEPULAUAN BANGKA BELITUNG",08179400132,,,,Perorangan,Aktif
472,PT WIJAYA MANDIRI TEKNIK KREASI,9120000761396.0,19226968618000.0,"KOMPLEK WONOKITRI INDAH S-38, KELURAHAN GUNUNGSARI, DUKUH PAKIS, KOTA SURABAYA, JAWA TIMUR",0317342541,wmtksby@yahoo.co.id,30.0,,Perseroan Terbatas (PT),
517,PT WIRA BUANA SEJAHTERA,1410210036871.0,701651663315000.0,"KP SUNGAI DAENG AIR TERJUN, MUNTOK, KAB. BANGKA BARAT, KEPULAUAN BANGKA BELITUNG",082112623333,legal.oss.wirabuanasejahtera@gmail.com,5.0,,Perseroan Terbatas (PT),
279,PT XINRUN SUKSES INTERNASIONAL,8120311162621.0,713655074305000.0,"JL. JEND. SUDIRMAN, DUSUN AIR RAYA TIMUR II DESAK AIR RAYAK, TANJUNG PANDAN, KAB. BELITUNG, KEPULAUAN BANGKA BELITUNG",07199301460,xinrunsukses@gmail.com,121.0,,Perseroan Terbatas (PT),
542,PT YUDHANTARA AMANAH BERSATU,1702230056734.0,628772717305000.0,"JL.DEPATI GEGEDEK, TANJUNG PANDAN, KAB. BELITUNG, KEPULAUAN BANGKA BELITUNG",081313386781,yudhantaraamanahbersatu@gmail.com,10.0,,Perseroan Terbatas (PT),
